region,standard_name,regional_baseline_price
US,Cyclacillin,18.15
US,Salbutamol,16.5
US,Levobupivacaine,24.75
US,Cromoglicic acid,26.4
US,Ganciclovir,18.15
US,Hydroxyurea,18.15
US,Ketoprofen,16.5
US,Edrophonium,18.15
US,Clobetasol propionate,34.65
US,Balsalazide,18.15
US,Sulfamethoxazole,26.4
US,Glyburide,14.85
US,Minocycline,18.15
US,Guanfacine,16.5
US,Bethanechol,18.15
US,Isosorbide Mononitrate,36.3
US,Trichlormethiazide,29.7
US,Mycophenolic acid,28.05
US,Amlexanox,14.85
US,Irbesartan,16.5
US,Topotecan,14.85
US,Ethinamate,16.5
US,Probenecid,16.5
US,Mercaptopurine,23.1
US,Cerulenin,14.85
US,Procainamide,19.8
US,Tolterodine,18.15
US,Carphenazine,19.8
US,Hydroxystilbamidine Isethionate,51.15
US,Thalidomide,18.15
US,Melphalan,14.85
US,Gatifloxacin,19.8
US,Lubiprostone,19.8
US,Fluocinonide,19.8
US,Abacavir,13.2
US,Ibuprofen,14.85
US,Novobiocin,16.5
US,Benzylpenicillin,26.4
US,Mimosine,13.2
US,Tocainide,14.85
US,Praziquantel,19.8
US,Norfloxacin,18.15
US,Amoxicillin,18.15
US,Azlocillin,16.5
US,Oxybutynin,16.5
US,Acetophenazine,23.1
US,Isoprenaline,19.8
US,Melatonin,14.85
US,Cefditoren,16.5
US,Glipizide,14.85
US,Clonazepam,16.5
US,Dihydrotachysterol,29.7
US,Atazanavir,16.5
US,Fludarabine,18.15
US,Atorvastatin,19.8
US,Etidronic acid,23.1
US,Deslanoside,18.15
US,Tegaserod,14.85
US,Vigabatrin,16.5
US,Streptomycin,19.8
US,Orlistat,13.2
US,Primaquine,16.5
US,Iloprost,13.2
US,Deserpidine,18.15
US,Ouabain,11.55
US,Hesperetin,16.5
US,Fluvastatin,18.15
US,Oxamniquine,18.15
US,Leflunomide,18.15
US,Rosuvastatin,19.8
US,Flucytosine,18.15
US,Pimozide,13.2
US,Capecitabine,19.8
US,Arbutamine,16.5
US,Levocabastine,21.45
US,Methyprylon,18.15
US,Trilostane,16.5
US,Colistimethate,23.1
US,Cefuroxime,16.5
US,Atovaquone,16.5
US,Diazoxide,14.85
US,Gliclazide,16.5
US,Phenacemide,18.15
US,Ambenonium,16.5
US,Tolbutamide,18.15
US,Anisindione,18.15
US,Dutasteride,18.15
US,Bicalutamide,19.8
US,Rabeprazole,18.15
US,Prednicarbate,21.45
US,Proguanil,14.85
US,Pioglitazone,19.8
US,Tiludronic acid,24.75
US,Desoxycorticosterone Pivalate,47.85
US,Doxacurium chloride,31.35
US,Carvedilol,16.5
US,Levofloxacin,19.8
US,Sulfinpyrazone,23.1
US,Cefapirin,14.85
US,Cefadroxil,16.5
US,Micafungin,16.5
US,Amifostine,16.5
US,Diclofenamide,21.45
US,Sulfoxone,14.85
US,Cloxacillin,18.15
US,Cefprozil,14.85
US,Candicidin,16.5
US,Thiamylal,14.85
US,Gemifloxacin,19.8
US,Bupropion,14.85
US,Trimetrexate,19.8
US,Bretylium,14.85
US,Terazosin,14.85
US,Amdinocillin,19.8
US,Ofloxacin,14.85
US,Cilostazol,16.5
US,Procarbazine,19.8
US,Moclobemide,18.15
US,Kanamycin,14.85
US,Phenobarbital,21.45
US,Idarubicin,16.5
US,Chlormezanone,21.45
US,Podofilox,14.85
US,Rescinnamine,19.8
US,Ifosfamide,16.5
US,Propafenone,18.15
US,Naloxone,13.2
US,Domperidone,18.15
US,Fluoxymesterone,24.75
US,Pergolide,14.85
US,Ciclopirox,16.5
US,Desflurane,16.5
US,Clindamycin,18.15
US,Oxymorphone,18.15
US,Acebutolol,16.5
US,Brinzolamide,19.8
US,Flecainide,16.5
US,Estramustine,19.8
US,Captopril,14.85
US,Zopiclone,14.85
US,Tubocurarine,19.8
US,Bromocriptine,21.45
US,Rifapentine,18.15
US,Levetiracetam,21.45
US,Nadolol,11.55
US,Mitoxantrone,19.8
US,Lomustine,14.85
US,Ridogrel,13.2
US,Sparfloxacin,19.8
US,Dezocine,13.2
US,Levobunolol,18.15
US,Clarithromycin,23.1
US,Ceftriaxone,18.15
US,Fomepizole,16.5
US,Metipranolol,19.8
US,Estazolam,14.85
US,Finasteride,18.15
US,Halofantrine,19.8
US,Dantrolene,16.5
US,Rifaximin,14.85
US,Ketamine,13.2
US,Budesonide,16.5
US,Quetiapine,16.5
US,Mivacurium,16.5
US,Encainide,14.85
US,Paclitaxel,16.5
US,Pemoline,13.2
US,Diphenidol,16.5
US,Saquinavir,16.5
US,Metoclopramide,23.1
US,Dexamethasone,21.45
US,Levodopa,13.2
US,Sevoflurane,18.15
US,Aripiprazole,19.8
US,Epoprostenol,19.8
US,Gemfibrozil,18.15
US,Chloroxine,16.5
US,Isocarboxazid,21.45
US,Docetaxel,14.85
US,Iodixanol,14.85
US,Olsalazine,16.5
US,Gliquidone,16.5
US,Mitiglinide,18.15
US,Ergonovine,16.5
US,Dasatinib,14.85
US,Lisdexamfetamine,26.4
US,Retapamulin,18.15
US,Lapatinib,14.85
US,Desonide,13.2
US,Decitabine,16.5
US,Posaconazole,19.8
US,Darunavir,14.85
US,Telbivudine,18.15
US,Paliperidone,19.8
US,Sunitinib,14.85
US,Arformoterol,19.8
US,Hydralazine,18.15
US,Nelarabine,16.5
US,Carbetocin,16.5
US,Lumiracoxib,18.15
US,Tetracosactide,23.1
US,Fenoterol,14.85
US,Glisoxepide,18.15
US,Pirbuterol,16.5
US,Bismuth Subsalicylate,34.65
US,Bevantolol,16.5
US,Glucosamine,18.15
US,Practolol,14.85
US,Sulfacytine,18.15
US,Sulfadoxine,18.15
US,Rolitetracycline,26.4
US,Oxtriphylline,21.45
US,Fosamprenavir,21.45
US,Fosphenytoin,19.8
US,Josamycin,14.85
US,Kava,10.0
US,Polythiazide,19.8
US,Quinethazone,19.8
US,Cefamandole,18.15
US,Cefazolin,14.85
US,Cefonicid,14.85
US,Cefoperazone,19.8
US,Cefotetan,14.85
US,Cefoxitin,14.85
US,Ceftizoxime,18.15
US,Cefradine,14.85
US,Metocurine,16.5
US,Cilazapril,16.5
US,Forasartan,16.5
US,Saprisartan,18.15
US,Spirapril,14.85
US,Tasosartan,16.5
US,Amobarbital,18.15
US,Aprobarbital,19.8
US,Butethal,13.2
US,Heptabarbital,21.45
US,Hexobarbital,19.8
US,Mestranol,14.85
US,Penbutolol,16.5
US,Troleandomycin,23.1
US,Iohexol,11.55
US,Ephedrine,14.85
US,Procaterol,16.5
US,Quinupristin,19.8
US,Aluminium monostearate,36.3
US,Cortisone acetate,28.05
US,Glycodiazine,19.8
US,Paramethasone,21.45
US,Mibefradil,16.5
US,Sodium bicarbonate,29.7
US,Yohimbine,14.85
US,Bezafibrate,18.15
US,Colchicine,16.5
US,Digitoxin,14.85
US,Magnesium salicylate,33.0
US,Salicylic acid,23.1
US,Salsalate,14.85
US,Temafloxacin,19.8
US,Danazol,11.55
US,Clenbuterol,18.15
US,Bambuterol,16.5
US,Tiotropium,16.5
US,Ciclesonide,18.15
US,Pranlukast,16.5
US,Theobromine,18.15
US,Cefepime,13.2
US,Cefacetrile,18.15
US,Ceftibuten,16.5
US,Cefpodoxime,18.15
US,Acenocoumarol,21.45
US,Antrafenine,18.15
US,Testosterone Propionate,37.95
US,Paromomycin,18.15
US,Nitroxoline,18.15
US,Stepronin,14.85
US,Alizapride,16.5
US,Ajmaline,13.2
US,Amrinone,13.2
US,Oxybenzone,16.5
US,Almitrine,14.85
US,19-norandrostenedione,34.65
US,Alfacalcidol,19.8
US,Glutethimide,19.8
US,Phenazopyridine,24.75
US,Gamma Hydroxybutyric Acid,41.25
US,"5-Methoxy-N,N-diisopropyltryptamine",57.75
US,Bufotenine,16.5
US,Alpha-methyltryptamine,36.3
US,Dihydroetorphine,26.4
US,Beta-hydroxyfentanyl,33.0
US,5-androstenedione,28.05
US,Diethyltryptamine,28.05
US,Ethylmorphine,21.45
US,Acetorphine,18.15
US,Bolasterone,18.15
US,Haloxazolam,18.15
US,Codeine methylbromide,34.65
US,Cyprenorphine,21.45
US,Delta1-dihydrotestosterone,42.9
US,Barbital,13.2
US,Cathine,11.55
US,Embutramide,18.15
US,Dimethyltryptamine,29.7
US,Aminorex,13.2
US,Dipipanone,16.5
US,Barbituric acid derivative,42.9
US,Etorphine,14.85
US,Alphamethadol,21.45
US,Oxabolone,14.85
US,Difenoxin,14.85
US,Etoxeridine,18.15
US,"5-Alpha-Androstane-3-Beta,17beta-Diol",61.05
US,Delorazepam,18.15
US,Hydromorphinol,23.1
US,Benzoylecgonine,24.75
US,Clostebol,14.85
US,Androstenediol,23.1
US,Ecgonine,13.2
US,4-Androstenediol,26.4
US,"5alpha-androstane-3alpha,17beta-diol",59.4
US,Desomorphine,19.8
US,Chlorhexadol,19.8
US,4-Androstenedione,28.05
US,17alpha-methyl-4-hydroxynandrolone,56.1
US,Boldenone,14.85
US,Ethyl loflazepate,28.05
US,Alpha-ethyltryptamine,34.65
US,Drotebanol,16.5
US,Diprenorphine,21.45
US,Dihydrocodeine,23.1
US,Cloxazolam,16.5
US,Bromazepam,16.5
US,Cathinone,14.85
US,Androstanedione,24.75
US,Chloral hydrate,24.75
US,Calusterone,18.15
US,Dihydromorphine,24.75
US,Codeine-N-oxide,24.75
US,Formebolone,18.15
US,Ohmefentanyl,19.8
US,Benzylmorphine,23.1
US,Metrizamide,18.15
US,Oxprenolol,16.5
US,Sulfamerazine,21.45
US,Sulfamethazine,23.1
US,Ursodeoxycholic acid,33.0
US,Ketazolam,14.85
US,Quazepam,13.2
US,Everolimus,16.5
US,Cinolazepam,18.15
US,Nitrazepam,16.5
US,Cilastatin,16.5
US,Imipenem,13.2
US,Probucol,13.2
US,Tiaprofenic acid,26.4
US,Lopinavir,14.85
US,Bacampicillin,21.45
US,Meticillin,16.5
US,Pivampicillin,21.45
US,Pivmecillinam,21.45
US,Tazobactam,16.5
US,Ticarcillin,18.15
US,Propericiazine,23.1
US,Deferasirox,18.15
US,Valganciclovir,23.1
US,Hydroxychloroquine,29.7
US,Acepromazine,19.8
US,Aceprometazine,23.1
US,Molindone,14.85
US,Phenindamine,19.8
US,Pipotiazine,18.15
US,Zuclopenthixol,23.1
US,Isopropamide,19.8
US,Lincomycin,16.5
US,Etoricoxib,16.5
US,5-Fluorouridine,24.75
US,SC-74020,13.2
US,Alpha-Phosphoribosylpyrophosphoric Acid,64.35
US,Deoxy-2-Fluoro-B-D-Cellotrioside,52.8
US,2-Oxy-4-Hydroxy-5-(2-Hydrazinopyridine)Phenylalanine,85.8
US,"2,2-Dimethylthiazolidine-4-Carboxylic Acid;(Dmt)Thiazolidine",99.0
US,Clorocruoro Hem,24.75
US,"3,7,11,15-Tetramethyl-Hexadecan-1-Ol",59.4
US,Sorbitol,13.2
US,N-Methyl-Pyridoxal-5&#39;-Phosphate,57.75
US,"(5r)-6-(4-{[2-(3-Iodobenzyl)-3-Oxocyclohex-1-En-1-Yl]Amino}Phenyl)-5-Methyl-4,5-Dihydropyridazin-3(2h)-One",174.9
US,"(5z)-2-[(1s,2r)-1-Amino-2-Hydroxypropyl]-5-[(4-Amino-1h-Indol-3-Yl)Methylene]-3-(2-Hydroxyethyl)-3,5-Dihydro-4h-Imidazol-4-One",207.9
US,O1-Methyl-Glucose,28.05
US,Thymidine-5&#39;-Phosphate,42.9
US,"3,6-Dihydroxy-Xanthene-9-Propionic Acid",64.35
US,Genistein,14.85
US,N-Acetylmethionine,29.7
US,(R)-Mesopram,19.8
US,O1-Methyl-4-Deoxy-4-Thio-Beta-D-Glucose,64.35
US,7-Methyl-Gpppa,23.1
US,trans-2-hydroxycinnamic acid,46.2
US,"Methyl 4,6-O-[(1r)-1-Carboxyethylidene]-Beta-D-Galactopyranoside",105.6
US,4-Hydroxybenzoyl Coenzyme A,44.55
US,(5z)-5-(1h-Indol-3-Ylmethylene)-4h-Imidazol-4-One,80.85
US,Thiorphan,14.85
US,L-Guluronic Acid 6-Phosphate,46.2
US,Roflumilast,18.15
US,"2-Amino-3-[4-Hydroxy-6-Oxo-3-(2-Phenyl-Cyclopropylimino)-Cyclohexa-1,4-Dienyl]-Propionic Acid",153.45
US,1&#39;-Deazo-Thiamin Diphosphate,52.8
US,"3-(1,10-Phenanthrol-2-Yl)-L-Alanine",57.75
US,Adenosine-5&#39;-Diphosphate Monothiophosphate,75.9
US,Phosphoribosyl Atp,29.7
US,Trans-O-Hydroxy-Alpha-Methyl Cinnamate,62.7
US,(S)-Des-Me-Ampa,24.75
US,ZK-800270,14.85
US,D-Myo-Inositol-Hexasulphate,44.55
US,8-azaguanine,19.8
US,Nanaomycin D,19.8
US,Virginiamycin M1,26.4
US,4-(Hydroxymercury)Benzoic Acid,49.5
US,"2,3-Dihydroxy-Benzoic Acid",42.9
US,Uridine-5&#39;-Diphosphate-N-Acetylmuramoyl-L-Alanine,87.45
US,Methacrylyl-Coenzyme A,36.3
US,Trinitrotoluene,24.75
US,Fumarate,13.2
US,RU84687,11.55
US,Propyl Trihydrogen Diphosphate,49.5
US,Benzene Hexacarboxylic Acid,44.55
US,6&#39;-Methyl-Thiamin Diphosphate,54.45
US,Chymostatin,18.15
US,1-Hydroxy-1-Thio-Glycerol,41.25
US,"4-[5-Pyridin-4-Yl-1h-[1,2,4]Triazol-3-Yl]-Pyridine-2-Carbonitrile",107.25
US,"N,N-dimethylarginine",33.0
US,beta-Mannobiose,24.75
US,P-Cresol,13.2
US,Inhibitor Idd 384,28.05
US,Bis(Adenosine)-5&#39;-Triphosphate,56.1
US,Indole Naphthyridinone,36.3
US,Dithioerythritol,26.4
US,Ribavirin,14.85
US,D-tartaric acid,24.75
US,N-Hydroxy-4-Phosphono-Butanamide,52.8
US,Uric Acid,14.85
US,beta-cellotriose,26.4
US,Rutin,10.0
US,(4e)-4-Aminohex-4-Enoic Acid,46.2
US,Aicar,10.0
US,"2-(3,4-Dihydroxyphenyl)Acetic Acid",56.1
US,"2,4-Dihydroxy-Trans Cinnamic Acid",54.45
US,"L-Alfa-Lysophosphatidylcholine, Lauroyl",64.35
US,Prasterone,16.5
US,2-Phosphoglyceric Acid,36.3
US,"2,3,4,5,6-Pentafluorobenzyl Alcohol",57.75
US,"(3r)-4-(P-Toluenesulfonyl)-1,4-Thiazane-3-Carboxylicacid-L-Phenylalanine Ethyl Ester",138.6
US,Udp-Alpha-D-Xylopyranose,39.6
US,N-Methyl-Lysine,24.75
US,"7,8-Diamino-Nonanoic Acid",41.25
US,2-Propenyl-N-Acetyl-Neuramic Acid,54.45
US,Bis(Adenosine)-5&#39;-Pentaphosphate,59.4
US,Thio-Maltopentaose,29.7
US,(2z)-2-(Benzoylamino)-3-[4-(2-Bromophenoxy)Phenyl]-2-Propenoic Acid,110.55
US,Analogue of Indinavir Drug,42.9
US,"{3-[3-(3,4-Dimethoxy-Phenyl)-1-(1-{1-[2-(3,4,5-Trimethoxy-Phenyl)-Butyryl]-Piperidin-2yl}-Vinyloxy)-Propyl]-Phenoxy}-Acetic Acid",211.2
US,Reduced Threonine,28.05
US,2-Aminophenol,21.45
US,Isocitric Acid,23.1
US,"3-[Aminoethylphosphoryl]-[1,2-Di-Palmitoyl]-Sn-Glycerol",90.75
US,"(1s,3s,4s)-1,3,4-Triphospho-Myo-Inositol",66.0
US,Penciclovir,18.15
US,(S)-Wiskostatin,24.75
US,"(4r,5s,6s,7r)-1,3-Dibenzyl-4,7-Bis(Phenoxymethyl)-5,6-Dihydroxy-1,3 Diazepan-2-One",135.3
US,L-Phospholactate,26.4
US,3-(Oxalyl-Amino)-Naphthalene-2-Carboxylic Acid,75.9
US,3-Chloroalaninate,28.05
US,[3-(Dodecanoylamino)Propyl](Hydroxy)Dimethylammonium,85.8
US,"Nalpha-(2-Naphthylsulfonylglycyl)-3-Amidino-D,L-Phenylalanine-Isopropylester",125.4
US,O-Phosphoethanolamine,34.65
US,Allo-Isoleucine,24.75
US,2-Amino-4-Butyl-5-Propylselenazole,56.1
US,CRA_17693,14.85
US,Pyoverdine-Chromophore,36.3
US,N-Alpha-(2-Naphthylsulfonyl)-N(3-Amidino-L-Phenylalaninyl)Isopipecolinic Acid Methyl Ester,148.5
US,D-Leucine,14.85
US,Coprogen,13.2
US,N-Benzyl-4-Sulfamoyl-Benzamide,49.5
US,Naphthalen-1-Yl-Acetic Acid,44.55
US,"3,3&#39;,5,5&#39;-Tetraiodothyroacetic Acid",70.95
US,S-Adenosyl-L-Homocysteine,41.25
US,"3,4-Dihydroxy-1-Methylquinolin-2(1h)-One",66.0
US,N-[Isoleucinyl]-N&#39;-[Adenosyl]-Diaminosufone,77.55
US,D-4-Phosphoerythronic Acid,42.9
US,3-Iodo-Tyrosine,24.75
US,5-Hydroxy-2-(Hydroxymethyl)-4h-Pyran-4-One,69.3
US,4-[5-[2-(1-Phenyl-Ethylamino)-Pyrimidin-4-Yl]-1-Methyl-4-(3-Trifluoromethylphenyl)-1h-Imidazol-2-Yl]-Piperidine,183.15
US,Acetoacetic Acid,26.4
US,7-thionicotinamide-adenine-dinucleotide phosphate,80.85
US,Dalfopristin,19.8
US,"(5-Oxo-5,6-Dihydro-Indolo[1,2-a]Quinazolin-7-Yl)-Acetic Acid",99.0
US,Beta-(2-Naphthyl)-Alanine,41.25
US,Hemi-Babim,16.5
US,Methylumbelliferyl Sialic Acid,49.5
US,3-Sulfinoalanine,26.4
US,CRA_10991,14.85
US,"3-[3-(2,3-Dihydroxy-Propylamino)-Phenyl]-4-(5-Fluoro-1-Methyl-1h-Indol-3-Yl)-Pyrrole-2,5-Dione",155.1
US,4-[3-Carboxymethyl-3-(4-Phosphonooxy-Benzyl)-Ureido]-4-[(3-Cyclohexyl-Propyl)-Methyl-Carbamoyl]Butyric Acid,176.55
US,Adenosine-5&#39;-Monophosphate Glucopyranosyl-Monophosphate Ester,107.25
US,Dihydroxyacetone,26.4
US,M-Cresol,13.2
US,Coa-S-Trimethylene-Acetyl-Tryptamine,59.4
US,Glycerol-2-Phosphate,33.0
US,Fusicoccin,16.5
US,"2,6-Dihydroanthra/1,9-Cd/Pyrazol-6-One",62.7
US,Pantothenic acid,26.4
US,4-Flourobenzenesulfonamide,42.9
US,Dimethylallyl Diphosphate,41.25
US,D-Alanine,14.85
US,"1-Amino-2,3-Dihydroxy-5-Hydroxymethyl Cyclohex-5-Ene",85.8
US,"Sp-Adenosine-3&#39;,5&#39;-Cyclic-Monophosphorothioate",89.1
US,Piclamilast,18.15
US,Adenylyl-3&#39;-5&#39;-Phospho-Uridine-3&#39;-Monophosphate,97.35
US,I-5,10.0
US,Phenyl Boronic Acid,31.35
US,Quinolinic Acid,24.75
US,"(2r)-2-(Aminomethyl)-2,4-Dihydroxy-5-Oxo-3-(2-Oxoethyl)-2,5-Dihydro-1h-Imidazol-3-Ium",140.25
US,Ethyl Dihydrogen Diphosphate,46.2
US,4-Hydroxy-3-Methyl Butyl Diphosphate,59.4
US,"N,4-Dihydroxy-N-Oxo-3-(Sulfooxy)Benzenaminium",74.25
US,2-(Trimethylammonium)Ethyl Thiol,52.8
US,"2-Ammoniobut-3-Enoate, 2-Amino-3-Butenoate",69.3
US,Monoisopropylphosphorylserine,47.85
US,"10-{4-Dimethylamino-5-[4-Hydroxy-6-Methyl-5-(6-Methyl-5-Oxo-Tetrahydro-Pyran-2-Yloxy)-Tetrahydro-Pyrane-2-Yloxy]-6-Methyl-Tetrahydro-Pyran-2-Yloxy}-8-Ethyl-1,8,11-Trihydroxy-7,8,9,10-Tetrahydro-Naphthacene-5,12-Dione",356.4
US,"N-[(3z)-5-Tert-Butyl-2-Phenyl-1,2-Dihydro-3h-Pyrazol-3-Ylidene]-N&#39;-(4-Chlorophenyl)Urea",150.15
US,Thiarsahydroxy-Cysteine,37.95
US,"1-Ter-Butyl-3-P-Tolyl-1h-Pyrazolo[3,4-D]Pyrimidin-4-Ylamine",97.35
US,"[1-(1-Methyl-4,5-Dioxo-Pent-2-Enylcarbamoyl)-2-Phenyl-Ethyl]-Carbamic Acid Benzyl Ester",143.55
US,Adenosine-3&#39;-5&#39;-Diphosphate,57.75
US,Pyridoxyl-Glutamic Acid-5&#39;-Monophosphate,72.6
US,2-Tridecanoyloxy-Pentadecanoic Acid,57.75
US,Nz-(Dicarboxymethyl)Lysine,42.9
US,Castanospermine,24.75
US,Threonine-Aspartic Ester,39.6
US,O3-Sulfonylgalactose,33.0
US,Phosphoenolpyruvate,31.35
US,"Compound 12, N-Acetyl-4-[(Carboxycarbonyl)(2-Carboxyphenyl)Amino]-N-Pentyl-1-Napthylalaniamide",155.1
US,"L-N(Omega)-Nitroarginine-2,4-L-Diaminobutyric Amide",84.15
US,Dithiane Diol,21.45
US,Beta-D-Glucopyranose Spirohydantoin,57.75
US,"(3s)-Tetrahydrofuran-3-Yl (1r,2s)-3-[4-((1r)-2-{[(S)-Amino(Hydroxy)Methyl]Oxy}-2,3-Dihydro-1h-Inden-1-Yl)-2-Benzyl-3-Oxopyrrolidin-2-Yl]-1-Benzyl-2-Hydroxypropylcarbamate",280.5
US,2-Amino-8-Methylquinazolin-4(3h)-One,59.4
US,N-Butyl Isocyanide,29.7
US,"2,3,5,6-Tetrafluoro-4-Methoxy-Benzamide",64.35
US,Desulfo-Coenzyme A,29.7
US,"{4-[2-Acetylamino-2-(3-Carbamoyl-2-Cyclohexylmethoxy-6,7,8,9-Tetrahydro-5h-Benzocyclohepten-5ylcarbamoyl)-Ethyl]-2-Phosphono-Phenyl}-Phosphonic Acid",244.2
US,Tryptophanyl-5&#39;amp,36.3
US,4-[Hydroxy-[Methyl-Phosphinoyl]]-3-Oxo-Butanoic Acid,85.8
US,L-2-Amino-4-(Guanidinooxy)Butyric Acid,62.7
US,"(9r,10r)-9-(S-Glutathionyl)-10-Hydroxy-9,10-Dihydrophenanthrene",103.95
US,4r-Fluoro-N6-Ethanimidoyl-L-Lysine,56.1
US,O-acetyl-L-serine,28.05
US,"6,4&#39;-Dihydroxy-3-Methyl-3&#39;,5&#39;-Dibromoflavone",92.4
US,"1,2-Propanediol",24.75
US,2-Deoxy-D-Glucitol 6-(E)-Vinylhomophosphonate,74.25
US,"4,6-Dideoxyglucose",29.7
US,3&#39;-Phosphate-Adenosine-5&#39;-Diphosphate,74.25
US,"3-Amino-8,9,10-Trihydroxy-7-Hydroxymethyl-6-Oxa-1,3-Diaza-Spiro[4.5]Decane-2,4-Dione",138.6
US,Oxidized Coenzyme A,31.35
US,N-Carbamyl-D-Valine,31.35
US,Isocitrate Calcium Complex,42.9
US,"3,4-Dihydrouracil",28.05
US,"(2s,3s,8s,9s)-3-Amino-9-Methoxy-2,6,8-Trimethyl-10-Phenyldeca-4,6-Dienoic Acid",128.7
US,Kaempherol,16.5
US,Bacteriochlorophyll A,34.65
US,5-Bromonicotinamide,31.35
US,5-(Hydroxy-Methyl-Amino)-3-Methyl-Pyrrolidine-2-Carboxylic Acid,103.95
US,Pimelic Acid,19.8
US,Phosphoaspartate,26.4
US,[1-(4-Fluorobenzyl)Cyclobutyl]Methyl (1s)-1-[Oxo(1h-Pyrazol-5-Ylamino)Acetyl]Pentylcarbamate,151.8
US,4-Diphosphocytidyl-2-C-Methyl-D-Erythritol 2-Phosphate,89.1
US,Cordycepin Triphosphate,37.95
US,Uridine diphosphate glucose,44.55
US,Isopropyl beta-D-thiogalactopyranoside,62.7
US,"Inositol 1,3,4,5-Tetrakisphosphate",56.1
US,5&#39;-Guanosine-Diphosphate-Monothiophosphate,75.9
US,RU79256,11.55
US,Glycyl-L-a-Aminopimelyl-E-(D-2-Aminoethyl)Phosphonate,87.45
US,L-Rhamnose,16.5
US,"1,4-Dithio-Alpha-D-Mannose",42.9
US,[1-(1-Benzyl-3-Hydroxy-2-Oxo-Propylcarbamoyl)-2-Phenyl-Ethyl]-Carbamic Acid Benzyl Ester,145.2
US,Acetylgalactosamine-4-Sulfate,47.85
US,Epothilone D,19.8
US,Tropinone,14.85
US,"N-Hydroxy 1n(4-Methoxyphenyl)Sulfonyl-4-(Z,E-N-Methoxyimino)Pyrrolidine-2r-Carboxamide",141.9
US,(S)-2-{Methyl-[2-(Naphthalene-2-Sulfonylamino)-5-(Naphthalene-2-Sulfonyloxy)-Benzoyl]-Amino}-Succinicacid,173.25
US,"3,4-Dihydroxycinnamic Acid",42.9
US,"2-Methylpentane-1,2,4-Triol",44.55
US,"(2s)-2-Amino-4-(Methylsulfanyl)-1-Pyridin-2-Ylbutane-1,1-Diol",100.65
US,N-(Sulfanylacetyl)Tyrosylprolylmethioninamide,74.25
US,D-Galctopyranosyl-1-On,36.3
US,Inhibitor BEA369,26.4
US,"4-[5-(Trans-4-Aminocyclohexylamino)-3-Isopropylpyrazolo[1,5-a]Pyrimidin-7-Ylamino]-N,N-Dimethylbenzenesulfonamide",186.45
US,"16,17-Androstene-3-Ol",34.65
US,"N,N-bis(3-(D-gluconamido)propyl)deoxycholamide",75.9
US,Tl-3-093,13.2
US,Hyperforin,16.5
US,N6-Benzyl Adenosine-5&#39;-Diphosphate,62.7
US,N-acetyl-alpha-neuraminic acid,49.5
US,Aspartyl-Adenosine-5&#39;-Monophosphate,64.35
US,M-Aminophenylboronic Acid,41.25
US,2-(2f-Benzothiazolyl)-5-Styryl-3-(4f-Phthalhydrazidyl)Tetrazolium Chloride,122.1
US,"(2S,3S)-2-azanyl-3-methyl-pentanedioic acid",70.95
US,Nd1-Phosphonohistidine,36.3
US,Sucrosofate,18.15
US,5-Bromo-2&#39;-Deoxyuridine-5&#39;-Monophosphate,79.2
US,D-Xylitol,14.85
US,2-(2-Hydroxy-5-Methoxy-Phenyl)-1h-Benzoimidazole-5-Carboxamidine,105.6
US,"3-(5-Amino-7-Hydroxy-[1,2,3]Triazolo[4,5-D]Pyrimidin-2-Yl)-Benzoic Acid",117.15
US,NADH,10.0
US,RU85493,11.55
US,Alpha-Cyclodextrin (Cyclohexa-Amylose),62.7
US,Sinefungin,16.5
US,N-Methylmesoporphyrin,34.65
US,D-glucose,14.85
US,S-Hydroxycysteine,28.05
US,[Methyltelluro]Acetate,36.3
US,Pentanal,13.2
US,1-O-[O-Nitrophenyl]-Beta-D-Galactopyranose,69.3
US,Xylose-Derived Lactam Oxime,44.55
US,"Maltosyl-Alpha (1,4)-D-Gluconhydroximo-1,5-Lactam",80.85
US,L-Xylulose 5-Phosphate,36.3
US,Benzhydroxamic Acid,31.35
US,"2&#39;-Chloro-Biphenyl-2,3-Diol",51.15
US,Carboxymycobactin S,31.35
US,Huperzine A,18.15
US,"5-Chloryl-2,4,6-Quinazolinetriamine",57.75
US,"2,4-Dihydroxy-3,3-Dimethyl-Butyrate",57.75
US,"Dcka, 5,7-Dichlorokynurenic Acid",52.8
US,7-Hydroxystaurosporine,36.3
UK,Iloprost,10.3
UK,Deserpidine,14.16
UK,Ouabain,9.01
UK,Hesperetin,12.87
US,"N-Methyl-N-(10-Methylundecanoyl)-D-Seryl-L-Alanyl-N~1~-[(7s,10s,13s)-13-Carboxy-3,18-Dihydroxy-10-Methyl-8,11-Dioxo-9,12-Diazatricyclo[13.3.1.1~2,6~]Icosa-1(19),2(20),3,5,15,17-Hexaen-7-Yl]-N~1~-Methylglycinamide",349.8
US,3-{[(1r)-1-Benzyl-2-Sulfanylethyl]Amino}-3-Oxopropanoic Acid,99.0
US,Ribose,10.0
US,Guanosine-2&#39;-Monophosphate,49.5
US,L-Histidine Beta Naphthylamide,49.5
US,5-Amidino-Benzimidazole,37.95
US,Balanol Analog 2,26.4
US,"6-[1-(3,5,5,8,8-Pentamethyl-5,6,7,8-Tetrahydronaphthalen-2-Yl)Cyclopropyl]Pyridine-3-Carboxylic Acid",165.0
US,Formic Acid,18.15
US,(S)-blebbistatin,26.4
US,4-Carbamoyl-1-Beta-D-Ribofuranosyl-Imidazolium-5-Olate-5&#39;-Phosphate,117.15
US,"3-[1-(3-Aminopropyl)-1h-Indol-3-Yl]-4-(1-Methyl-1h-Indol-3-Yl)-1h-Pyrrole-2,5-Dione",136.95
US,RU78262,11.55
US,"1-(2,6-Dichlorophenyl)-5-(2,4-Difluorophenyl)-7-Piperidin-4-Yl-3,4-Dihydroquinolin-2(1h)-One",151.8
US,"2-Amino-N,3,3-Trimethylbutanamide",54.45
US,"N-(4-Methoxybenzyl)-N&#39;-(5-Nitro-1,3-Thiazol-2-Yl)Urea",94.05
US,Inhibitor of P38 Kinase,37.95
US,Rolipram,13.2
US,"1,4-Butanediol",23.1
US,2-Aminoethanesulfonic Acid,42.9
US,3-Chlorophenol,23.1
US,"5-[4-Tert-Butylphenylsulfanyl]-2,4-Quinazolinediamine",87.45
US,7n-Methyl-8-Hydroguanosine-5&#39;-Diphosphate,74.25
US,Cytidine-3&#39;-Monophosphate,47.85
US,Phosphonotyrosine,28.05
US,AL5424,10.0
US,"2&#39;-Deoxyuridine 5&#39;-Alpha,Beta-Imido-Triphosphate",92.4
US,Di-Stearoyl-3-Sn-Phosphatidylethanolamine,67.65
US,"N-{3-[(7ar,12as,12bs)-7-Oxo-1,3,4,6,7,7a,12a,12b-Octahydroindolo[2,3-a]Quinolizin-12(2h)-Yl]Propyl}Propane-2-Sulfonamide",198.0
US,2-Thioethenamine,26.4
US,Trifluoroacetonyl Coenzyme A,46.2
US,"Hg9a-9, Nonanoyl-N-Hydroxyethylglucamide",66.0
US,trans-urocanic acid,31.35
US,Guanosine-5&#39;-Monophosphate,49.5
US,O-Benzylsulfonyl-Serine,37.95
US,"2-Amino-3-[5-(Amino-Carboxy-Methyl)-2,3-Dihydro-Isoxazol-3-Ylsulfanyl]-Propionic Acid",140.25
US,AMPCPR,10.0
US,6-(N-Phenylcarbamyl)-2-Naphthalenecarboxamidine,77.55
US,"7,9-Dimethylguanine",31.35
US,Methyl alpha-D-mannoside,39.6
US,Para-Iodo-D-Phenylalanine Hydroxamic Acid,67.65
US,"3,6-Anhydro-D-Galactose-2-Sulfate",54.45
US,D-Mannuronic Acid,28.05
US,2(S)-Amino-6-Boronohexanoic Acid,52.8
US,4-[2-(3-Benzyloxycarbonylamino-4-Cyclohexyl-1-Hydroxy-2-Oxo-Butylamino)-5-Guanidino-Pentanoylamino]-4-(1-Carboxy-2-Cyclohexyl-Ethylcarbamoyl)-Butyric Acid,254.1
US,N-Alpha-L-Acetyl-Arginine,41.25
US,Thiamin Diphosphate,31.35
US,Carbobenzoxy-Pro-Lys-Phe-Y(Po2)-Ala-Pro-Ome,70.95
US,Cholesterol-Sulfate,31.35
US,Tu-514,10.0
US,Coenzyme A,16.5
US,N-(5&#39;-Phosphopyridoxyl)-D-Alanine,61.05
US,"2-(Pyrido[1,2-E]Purin-4-Yl)Amino-Ethanol",66.0
US,5-Methylcytidine-5&#39;-Monophosphate,61.05
US,"2-[3,4-Dihydroxy-2-Hydroxymethyl-5-(2-Hydroxy-Nonyl)-Tetrahydro-Furan-2-Yloxy]-6-Hydroxymethyl-Tetra Hydro-Pyran-3,4,5-Triol",204.6
US,"5,10,15,20-Tetrakis(4-Sulpfonatophenyl)-21h,23h-Porphine",92.4
UK,Cyclacillin,14.16
UK,Salbutamol,12.87
UK,Levobupivacaine,19.3
UK,Cromoglicic acid,20.59
UK,Ganciclovir,14.16
UK,Hydroxyurea,14.16
UK,Ketoprofen,12.87
UK,Edrophonium,14.16
UK,Clobetasol propionate,27.03
UK,Balsalazide,14.16
UK,Sulfamethoxazole,20.59
UK,Glyburide,11.58
UK,Minocycline,14.16
UK,Guanfacine,12.87
UK,Bethanechol,14.16
UK,Isosorbide Mononitrate,28.31
UK,Trichlormethiazide,23.17
UK,Mycophenolic acid,21.88
UK,Amlexanox,11.58
UK,Irbesartan,12.87
UK,Topotecan,11.58
UK,Ethinamate,12.87
UK,Probenecid,12.87
UK,Mercaptopurine,18.02
UK,Cerulenin,11.58
UK,Procainamide,15.44
UK,Tolterodine,14.16
UK,Carphenazine,15.44
UK,Hydroxystilbamidine Isethionate,39.9
UK,Thalidomide,14.16
UK,Melphalan,11.58
UK,Gatifloxacin,15.44
UK,Lubiprostone,15.44
UK,Fluocinonide,15.44
UK,Abacavir,10.3
UK,Ibuprofen,11.58
UK,Novobiocin,12.87
UK,Benzylpenicillin,20.59
UK,Mimosine,10.3
UK,Tocainide,11.58
UK,Praziquantel,15.44
UK,Norfloxacin,14.16
UK,Amoxicillin,14.16
UK,Azlocillin,12.87
UK,Oxybutynin,12.87
UK,Acetophenazine,18.02
UK,Isoprenaline,15.44
UK,Melatonin,11.58
UK,Cefditoren,12.87
UK,Glipizide,11.58
UK,Clonazepam,12.87
UK,Dihydrotachysterol,23.17
UK,Atazanavir,12.87
UK,Fludarabine,14.16
UK,Atorvastatin,15.44
UK,Etidronic acid,18.02
UK,Deslanoside,14.16
UK,Tegaserod,11.58
UK,Vigabatrin,12.87
UK,Streptomycin,15.44
UK,Orlistat,10.3
UK,Primaquine,12.87
UK,Fluvastatin,14.16
UK,Oxamniquine,14.16
UK,Leflunomide,14.16
UK,Rosuvastatin,15.44
UK,Flucytosine,14.16
UK,Pimozide,10.3
UK,Capecitabine,15.44
UK,Arbutamine,12.87
UK,Levocabastine,16.73
UK,Methyprylon,14.16
UK,Trilostane,12.87
UK,Colistimethate,18.02
UK,Cefuroxime,12.87
UK,Atovaquone,12.87
UK,Diazoxide,11.58
UK,Gliclazide,12.87
UK,Phenacemide,14.16
UK,Ambenonium,12.87
UK,Tolbutamide,14.16
UK,Anisindione,14.16
UK,Dutasteride,14.16
UK,Bicalutamide,15.44
UK,Rabeprazole,14.16
UK,Prednicarbate,16.73
UK,Proguanil,11.58
UK,Pioglitazone,15.44
UK,Tiludronic acid,19.3
UK,Desoxycorticosterone Pivalate,37.32
UK,Doxacurium chloride,24.45
UK,Carvedilol,12.87
UK,Levofloxacin,15.44
UK,Sulfinpyrazone,18.02
UK,Cefapirin,11.58
UK,Cefadroxil,12.87
UK,Micafungin,12.87
UK,Amifostine,12.87
UK,Diclofenamide,16.73
UK,Sulfoxone,11.58
UK,Cloxacillin,14.16
UK,Cefprozil,11.58
UK,Candicidin,12.87
UK,Thiamylal,11.58
UK,Gemifloxacin,15.44
UK,Bupropion,11.58
UK,Trimetrexate,15.44
UK,Bretylium,11.58
UK,Terazosin,11.58
UK,Amdinocillin,15.44
UK,Ofloxacin,11.58
UK,Cilostazol,12.87
UK,Procarbazine,15.44
UK,Moclobemide,14.16
UK,Kanamycin,11.58
UK,Phenobarbital,16.73
UK,Idarubicin,12.87
UK,Chlormezanone,16.73
UK,Podofilox,11.58
UK,Rescinnamine,15.44
UK,Ifosfamide,12.87
UK,Propafenone,14.16
UK,Naloxone,10.3
UK,Domperidone,14.16
UK,Fluoxymesterone,19.3
UK,Pergolide,11.58
UK,Ciclopirox,12.87
UK,Desflurane,12.87
UK,Clindamycin,14.16
UK,Oxymorphone,14.16
UK,Acebutolol,12.87
UK,Brinzolamide,15.44
UK,Flecainide,12.87
UK,Estramustine,15.44
UK,Captopril,11.58
UK,Zopiclone,11.58
UK,Tubocurarine,15.44
UK,Bromocriptine,16.73
UK,Rifapentine,14.16
UK,Levetiracetam,16.73
UK,Nadolol,9.01
UK,Mitoxantrone,15.44
UK,Lomustine,11.58
UK,Ridogrel,10.3
UK,Sparfloxacin,15.44
UK,Dezocine,10.3
UK,Levobunolol,14.16
UK,Clarithromycin,18.02
UK,Ceftriaxone,14.16
UK,Fomepizole,12.87
UK,Metipranolol,15.44
UK,Estazolam,11.58
UK,Finasteride,14.16
UK,Halofantrine,15.44
UK,Dantrolene,12.87
UK,Rifaximin,11.58
UK,Ketamine,10.3
UK,Budesonide,12.87
UK,Quetiapine,12.87
UK,Mivacurium,12.87
UK,Encainide,11.58
UK,Paclitaxel,12.87
UK,Pemoline,10.3
UK,Diphenidol,12.87
UK,Saquinavir,12.87
UK,Metoclopramide,18.02
UK,Dexamethasone,16.73
UK,Levodopa,10.3
UK,Sevoflurane,14.16
UK,Aripiprazole,15.44
UK,Epoprostenol,15.44
UK,Gemfibrozil,14.16
UK,Chloroxine,12.87
UK,Isocarboxazid,16.73
UK,Docetaxel,11.58
UK,Iodixanol,11.58
UK,Olsalazine,12.87
UK,Gliquidone,12.87
UK,Mitiglinide,14.16
UK,Ergonovine,12.87
UK,Dasatinib,11.58
UK,Lisdexamfetamine,20.59
UK,Retapamulin,14.16
UK,Lapatinib,11.58
UK,Desonide,10.3
UK,Decitabine,12.87
UK,Posaconazole,15.44
UK,Darunavir,11.58
UK,Telbivudine,14.16
UK,Paliperidone,15.44
UK,Sunitinib,11.58
UK,Arformoterol,15.44
UK,Hydralazine,14.16
UK,Nelarabine,12.87
UK,Carbetocin,12.87
UK,Lumiracoxib,14.16
UK,Tetracosactide,18.02
UK,Fenoterol,11.58
UK,Glisoxepide,14.16
UK,Pirbuterol,12.87
UK,Bismuth Subsalicylate,27.03
UK,Bevantolol,12.87
UK,Glucosamine,14.16
UK,Practolol,11.58
UK,Sulfacytine,14.16
UK,Sulfadoxine,14.16
UK,Rolitetracycline,20.59
UK,Oxtriphylline,16.73
UK,Fosamprenavir,16.73
UK,Fosphenytoin,15.44
UK,Josamycin,11.58
UK,Kava,7.8
UK,Polythiazide,15.44
UK,Quinethazone,15.44
UK,Cefamandole,14.16
UK,Cefazolin,11.58
UK,Cefonicid,11.58
UK,Cefoperazone,15.44
UK,Cefotetan,11.58
UK,Cefoxitin,11.58
UK,Ceftizoxime,14.16
UK,Cefradine,11.58
UK,Metocurine,12.87
UK,Cilazapril,12.87
UK,Forasartan,12.87
UK,Saprisartan,14.16
UK,Spirapril,11.58
UK,Tasosartan,12.87
UK,Amobarbital,14.16
UK,Aprobarbital,15.44
UK,Butethal,10.3
UK,Heptabarbital,16.73
UK,Hexobarbital,15.44
UK,Mestranol,11.58
UK,Penbutolol,12.87
UK,Troleandomycin,18.02
UK,Iohexol,9.01
UK,Ephedrine,11.58
UK,Procaterol,12.87
UK,Quinupristin,15.44
UK,Aluminium monostearate,28.31
UK,Cortisone acetate,21.88
UK,Glycodiazine,15.44
UK,Paramethasone,16.73
UK,Mibefradil,12.87
UK,Sodium bicarbonate,23.17
UK,Yohimbine,11.58
UK,Bezafibrate,14.16
UK,Colchicine,12.87
UK,Digitoxin,11.58
UK,Magnesium salicylate,25.74
UK,Salicylic acid,18.02
UK,Salsalate,11.58
UK,Temafloxacin,15.44
UK,Danazol,9.01
UK,Clenbuterol,14.16
UK,Bambuterol,12.87
UK,Tiotropium,12.87
UK,Ciclesonide,14.16
UK,Pranlukast,12.87
UK,Theobromine,14.16
UK,Cefepime,10.3
UK,Cefacetrile,14.16
UK,Ceftibuten,12.87
UK,Cefpodoxime,14.16
UK,Acenocoumarol,16.73
UK,Antrafenine,14.16
UK,Testosterone Propionate,29.6
UK,Paromomycin,14.16
UK,Nitroxoline,14.16
UK,Stepronin,11.58
UK,Alizapride,12.87
UK,Ajmaline,10.3
UK,Amrinone,10.3
UK,Oxybenzone,12.87
UK,Almitrine,11.58
UK,19-norandrostenedione,27.03
UK,Alfacalcidol,15.44
UK,Glutethimide,15.44
UK,Phenazopyridine,19.3
UK,Gamma Hydroxybutyric Acid,32.18
UK,"5-Methoxy-N,N-diisopropyltryptamine",45.05
UK,Bufotenine,12.87
UK,Alpha-methyltryptamine,28.31
UK,Dihydroetorphine,20.59
UK,Beta-hydroxyfentanyl,25.74
UK,5-androstenedione,21.88
UK,Diethyltryptamine,21.88
UK,Ethylmorphine,16.73
UK,Acetorphine,14.16
UK,Bolasterone,14.16
UK,Haloxazolam,14.16
UK,Codeine methylbromide,27.03
UK,Cyprenorphine,16.73
UK,Delta1-dihydrotestosterone,33.46
UK,Barbital,10.3
UK,Cathine,9.01
UK,Embutramide,14.16
UK,Dimethyltryptamine,23.17
UK,Aminorex,10.3
UK,Dipipanone,12.87
UK,Barbituric acid derivative,33.46
UK,Etorphine,11.58
UK,Alphamethadol,16.73
UK,Oxabolone,11.58
UK,Difenoxin,11.58
UK,Etoxeridine,14.16
UK,"5-Alpha-Androstane-3-Beta,17beta-Diol",47.62
UK,Delorazepam,14.16
UK,Hydromorphinol,18.02
UK,Benzoylecgonine,19.3
UK,Clostebol,11.58
UK,Androstenediol,18.02
UK,Ecgonine,10.3
UK,4-Androstenediol,20.59
UK,"5alpha-androstane-3alpha,17beta-diol",46.33
UK,Desomorphine,15.44
UK,Chlorhexadol,15.44
UK,4-Androstenedione,21.88
UK,17alpha-methyl-4-hydroxynandrolone,43.76
UK,Boldenone,11.58
UK,Ethyl loflazepate,21.88
UK,Alpha-ethyltryptamine,27.03
UK,Drotebanol,12.87
UK,Diprenorphine,16.73
UK,Dihydrocodeine,18.02
UK,Cloxazolam,12.87
UK,Bromazepam,12.87
UK,Cathinone,11.58
UK,Androstanedione,19.3
UK,Chloral hydrate,19.3
UK,Calusterone,14.16
UK,Dihydromorphine,19.3
UK,Codeine-N-oxide,19.3
UK,Formebolone,14.16
UK,Ohmefentanyl,15.44
UK,Benzylmorphine,18.02
UK,Metrizamide,14.16
UK,Oxprenolol,12.87
UK,Sulfamerazine,16.73
UK,Sulfamethazine,18.02
UK,Ursodeoxycholic acid,25.74
UK,Ketazolam,11.58
UK,Quazepam,10.3
UK,Everolimus,12.87
UK,Cinolazepam,14.16
UK,Nitrazepam,12.87
UK,Cilastatin,12.87
UK,Imipenem,10.3
UK,Probucol,10.3
UK,Tiaprofenic acid,20.59
UK,Lopinavir,11.58
UK,Bacampicillin,16.73
UK,Meticillin,12.87
UK,Pivampicillin,16.73
UK,Pivmecillinam,16.73
UK,Tazobactam,12.87
UK,Ticarcillin,14.16
UK,Propericiazine,18.02
UK,Deferasirox,14.16
UK,Valganciclovir,18.02
UK,Hydroxychloroquine,23.17
UK,Acepromazine,15.44
UK,Aceprometazine,18.02
UK,Molindone,11.58
UK,Phenindamine,15.44
UK,Pipotiazine,14.16
UK,Zuclopenthixol,18.02
UK,Isopropamide,15.44
UK,Lincomycin,12.87
UK,Etoricoxib,12.87
UK,5-Fluorouridine,19.3
UK,SC-74020,10.3
UK,Alpha-Phosphoribosylpyrophosphoric Acid,50.19
UK,Deoxy-2-Fluoro-B-D-Cellotrioside,41.18
UK,2-Oxy-4-Hydroxy-5-(2-Hydrazinopyridine)Phenylalanine,66.92
UK,"2,2-Dimethylthiazolidine-4-Carboxylic Acid;(Dmt)Thiazolidine",77.22
UK,Clorocruoro Hem,19.3
UK,"3,7,11,15-Tetramethyl-Hexadecan-1-Ol",46.33
UK,Sorbitol,10.3
UK,N-Methyl-Pyridoxal-5&#39;-Phosphate,45.05
UK,"(5r)-6-(4-{[2-(3-Iodobenzyl)-3-Oxocyclohex-1-En-1-Yl]Amino}Phenyl)-5-Methyl-4,5-Dihydropyridazin-3(2h)-One",136.42
UK,"(5z)-2-[(1s,2r)-1-Amino-2-Hydroxypropyl]-5-[(4-Amino-1h-Indol-3-Yl)Methylene]-3-(2-Hydroxyethyl)-3,5-Dihydro-4h-Imidazol-4-One",162.16
UK,O1-Methyl-Glucose,21.88
UK,Thymidine-5&#39;-Phosphate,33.46
UK,"3,6-Dihydroxy-Xanthene-9-Propionic Acid",50.19
UK,Genistein,11.58
UK,N-Acetylmethionine,23.17
UK,(R)-Mesopram,15.44
UK,O1-Methyl-4-Deoxy-4-Thio-Beta-D-Glucose,50.19
UK,7-Methyl-Gpppa,18.02
UK,trans-2-hydroxycinnamic acid,36.04
UK,"Methyl 4,6-O-[(1r)-1-Carboxyethylidene]-Beta-D-Galactopyranoside",82.37
UK,4-Hydroxybenzoyl Coenzyme A,34.75
UK,(5z)-5-(1h-Indol-3-Ylmethylene)-4h-Imidazol-4-One,63.06
UK,Thiorphan,11.58
UK,L-Guluronic Acid 6-Phosphate,36.04
UK,Roflumilast,14.16
UK,"2-Amino-3-[4-Hydroxy-6-Oxo-3-(2-Phenyl-Cyclopropylimino)-Cyclohexa-1,4-Dienyl]-Propionic Acid",119.69
UK,1&#39;-Deazo-Thiamin Diphosphate,41.18
UK,"3-(1,10-Phenanthrol-2-Yl)-L-Alanine",45.05
UK,Adenosine-5&#39;-Diphosphate Monothiophosphate,59.2
UK,Phosphoribosyl Atp,23.17
UK,Trans-O-Hydroxy-Alpha-Methyl Cinnamate,48.91
UK,(S)-Des-Me-Ampa,19.3
UK,ZK-800270,11.58
UK,D-Myo-Inositol-Hexasulphate,34.75
UK,8-azaguanine,15.44
UK,Nanaomycin D,15.44
UK,Virginiamycin M1,20.59
UK,4-(Hydroxymercury)Benzoic Acid,38.61
UK,"2,3-Dihydroxy-Benzoic Acid",33.46
UK,Uridine-5&#39;-Diphosphate-N-Acetylmuramoyl-L-Alanine,68.21
UK,Methacrylyl-Coenzyme A,28.31
UK,Trinitrotoluene,19.3
UK,Fumarate,10.3
UK,RU84687,9.01
UK,Propyl Trihydrogen Diphosphate,38.61
UK,Benzene Hexacarboxylic Acid,34.75
UK,6&#39;-Methyl-Thiamin Diphosphate,42.47
UK,Chymostatin,14.16
UK,1-Hydroxy-1-Thio-Glycerol,32.18
UK,"4-[5-Pyridin-4-Yl-1h-[1,2,4]Triazol-3-Yl]-Pyridine-2-Carbonitrile",83.66
UK,"N,N-dimethylarginine",25.74
UK,beta-Mannobiose,19.3
UK,P-Cresol,10.3
UK,Inhibitor Idd 384,21.88
UK,Bis(Adenosine)-5&#39;-Triphosphate,43.76
UK,Indole Naphthyridinone,28.31
UK,Dithioerythritol,20.59
UK,Ribavirin,11.58
UK,D-tartaric acid,19.3
UK,N-Hydroxy-4-Phosphono-Butanamide,41.18
UK,Uric Acid,11.58
UK,beta-cellotriose,20.59
UK,Rutin,7.8
UK,(4e)-4-Aminohex-4-Enoic Acid,36.04
UK,Aicar,7.8
UK,"2-(3,4-Dihydroxyphenyl)Acetic Acid",43.76
UK,"2,4-Dihydroxy-Trans Cinnamic Acid",42.47
UK,"L-Alfa-Lysophosphatidylcholine, Lauroyl",50.19
UK,Prasterone,12.87
UK,2-Phosphoglyceric Acid,28.31
UK,"2,3,4,5,6-Pentafluorobenzyl Alcohol",45.05
UK,"(3r)-4-(P-Toluenesulfonyl)-1,4-Thiazane-3-Carboxylicacid-L-Phenylalanine Ethyl Ester",108.11
UK,Udp-Alpha-D-Xylopyranose,30.89
UK,N-Methyl-Lysine,19.3
UK,"7,8-Diamino-Nonanoic Acid",32.18
UK,2-Propenyl-N-Acetyl-Neuramic Acid,42.47
UK,Bis(Adenosine)-5&#39;-Pentaphosphate,46.33
UK,Thio-Maltopentaose,23.17
UK,(2z)-2-(Benzoylamino)-3-[4-(2-Bromophenoxy)Phenyl]-2-Propenoic Acid,86.23
UK,Analogue of Indinavir Drug,33.46
UK,"{3-[3-(3,4-Dimethoxy-Phenyl)-1-(1-{1-[2-(3,4,5-Trimethoxy-Phenyl)-Butyryl]-Piperidin-2yl}-Vinyloxy)-Propyl]-Phenoxy}-Acetic Acid",164.74
UK,Reduced Threonine,21.88
UK,2-Aminophenol,16.73
UK,Isocitric Acid,18.02
UK,"3-[Aminoethylphosphoryl]-[1,2-Di-Palmitoyl]-Sn-Glycerol",70.78
UK,"(1s,3s,4s)-1,3,4-Triphospho-Myo-Inositol",51.48
UK,Penciclovir,14.16
UK,(S)-Wiskostatin,19.3
UK,"(4r,5s,6s,7r)-1,3-Dibenzyl-4,7-Bis(Phenoxymethyl)-5,6-Dihydroxy-1,3 Diazepan-2-One",105.53
UK,L-Phospholactate,20.59
UK,3-(Oxalyl-Amino)-Naphthalene-2-Carboxylic Acid,59.2
UK,3-Chloroalaninate,21.88
UK,[3-(Dodecanoylamino)Propyl](Hydroxy)Dimethylammonium,66.92
UK,"Nalpha-(2-Naphthylsulfonylglycyl)-3-Amidino-D,L-Phenylalanine-Isopropylester",97.81
UK,O-Phosphoethanolamine,27.03
UK,Allo-Isoleucine,19.3
UK,2-Amino-4-Butyl-5-Propylselenazole,43.76
UK,CRA_17693,11.58
UK,Pyoverdine-Chromophore,28.31
UK,N-Alpha-(2-Naphthylsulfonyl)-N(3-Amidino-L-Phenylalaninyl)Isopipecolinic Acid Methyl Ester,115.83
UK,D-Leucine,11.58
UK,Coprogen,10.3
UK,N-Benzyl-4-Sulfamoyl-Benzamide,38.61
UK,Naphthalen-1-Yl-Acetic Acid,34.75
UK,"3,3&#39;,5,5&#39;-Tetraiodothyroacetic Acid",55.34
UK,S-Adenosyl-L-Homocysteine,32.18
UK,"3,4-Dihydroxy-1-Methylquinolin-2(1h)-One",51.48
UK,N-[Isoleucinyl]-N&#39;-[Adenosyl]-Diaminosufone,60.49
UK,D-4-Phosphoerythronic Acid,33.46
UK,3-Iodo-Tyrosine,19.3
UK,5-Hydroxy-2-(Hydroxymethyl)-4h-Pyran-4-One,54.05
UK,4-[5-[2-(1-Phenyl-Ethylamino)-Pyrimidin-4-Yl]-1-Methyl-4-(3-Trifluoromethylphenyl)-1h-Imidazol-2-Yl]-Piperidine,142.86
UK,Acetoacetic Acid,20.59
UK,7-thionicotinamide-adenine-dinucleotide phosphate,63.06
UK,Dalfopristin,15.44
UK,"(5-Oxo-5,6-Dihydro-Indolo[1,2-a]Quinazolin-7-Yl)-Acetic Acid",77.22
UK,Beta-(2-Naphthyl)-Alanine,32.18
UK,Hemi-Babim,12.87
UK,Methylumbelliferyl Sialic Acid,38.61
UK,3-Sulfinoalanine,20.59
UK,CRA_10991,11.58
UK,"3-[3-(2,3-Dihydroxy-Propylamino)-Phenyl]-4-(5-Fluoro-1-Methyl-1h-Indol-3-Yl)-Pyrrole-2,5-Dione",120.98
UK,4-[3-Carboxymethyl-3-(4-Phosphonooxy-Benzyl)-Ureido]-4-[(3-Cyclohexyl-Propyl)-Methyl-Carbamoyl]Butyric Acid,137.71
UK,Adenosine-5&#39;-Monophosphate Glucopyranosyl-Monophosphate Ester,83.66
UK,Dihydroxyacetone,20.59
UK,M-Cresol,10.3
UK,Coa-S-Trimethylene-Acetyl-Tryptamine,46.33
UK,Glycerol-2-Phosphate,25.74
UK,Fusicoccin,12.87
UK,"2,6-Dihydroanthra/1,9-Cd/Pyrazol-6-One",48.91
UK,Pantothenic acid,20.59
UK,4-Flourobenzenesulfonamide,33.46
UK,Dimethylallyl Diphosphate,32.18
UK,D-Alanine,11.58
UK,"1-Amino-2,3-Dihydroxy-5-Hydroxymethyl Cyclohex-5-Ene",66.92
UK,"Sp-Adenosine-3&#39;,5&#39;-Cyclic-Monophosphorothioate",69.5
UK,Piclamilast,14.16
UK,Adenylyl-3&#39;-5&#39;-Phospho-Uridine-3&#39;-Monophosphate,75.93
UK,I-5,7.8
UK,Phenyl Boronic Acid,24.45
UK,Quinolinic Acid,19.3
UK,"(2r)-2-(Aminomethyl)-2,4-Dihydroxy-5-Oxo-3-(2-Oxoethyl)-2,5-Dihydro-1h-Imidazol-3-Ium",109.4
UK,Ethyl Dihydrogen Diphosphate,36.04
UK,4-Hydroxy-3-Methyl Butyl Diphosphate,46.33
UK,"N,4-Dihydroxy-N-Oxo-3-(Sulfooxy)Benzenaminium",57.91
UK,2-(Trimethylammonium)Ethyl Thiol,41.18
UK,"2-Ammoniobut-3-Enoate, 2-Amino-3-Butenoate",54.05
UK,Monoisopropylphosphorylserine,37.32
UK,"10-{4-Dimethylamino-5-[4-Hydroxy-6-Methyl-5-(6-Methyl-5-Oxo-Tetrahydro-Pyran-2-Yloxy)-Tetrahydro-Pyrane-2-Yloxy]-6-Methyl-Tetrahydro-Pyran-2-Yloxy}-8-Ethyl-1,8,11-Trihydroxy-7,8,9,10-Tetrahydro-Naphthacene-5,12-Dione",277.99
UK,"N-[(3z)-5-Tert-Butyl-2-Phenyl-1,2-Dihydro-3h-Pyrazol-3-Ylidene]-N&#39;-(4-Chlorophenyl)Urea",117.12
UK,Thiarsahydroxy-Cysteine,29.6
UK,"1-Ter-Butyl-3-P-Tolyl-1h-Pyrazolo[3,4-D]Pyrimidin-4-Ylamine",75.93
UK,"[1-(1-Methyl-4,5-Dioxo-Pent-2-Enylcarbamoyl)-2-Phenyl-Ethyl]-Carbamic Acid Benzyl Ester",111.97
UK,Adenosine-3&#39;-5&#39;-Diphosphate,45.05
UK,Pyridoxyl-Glutamic Acid-5&#39;-Monophosphate,56.63
UK,2-Tridecanoyloxy-Pentadecanoic Acid,45.05
UK,Nz-(Dicarboxymethyl)Lysine,33.46
UK,Castanospermine,19.3
UK,Threonine-Aspartic Ester,30.89
UK,O3-Sulfonylgalactose,25.74
UK,Phosphoenolpyruvate,24.45
UK,"Compound 12, N-Acetyl-4-[(Carboxycarbonyl)(2-Carboxyphenyl)Amino]-N-Pentyl-1-Napthylalaniamide",120.98
UK,"L-N(Omega)-Nitroarginine-2,4-L-Diaminobutyric Amide",65.64
UK,Dithiane Diol,16.73
UK,Beta-D-Glucopyranose Spirohydantoin,45.05
UK,"(3s)-Tetrahydrofuran-3-Yl (1r,2s)-3-[4-((1r)-2-{[(S)-Amino(Hydroxy)Methyl]Oxy}-2,3-Dihydro-1h-Inden-1-Yl)-2-Benzyl-3-Oxopyrrolidin-2-Yl]-1-Benzyl-2-Hydroxypropylcarbamate",218.79
UK,2-Amino-8-Methylquinazolin-4(3h)-One,46.33
UK,N-Butyl Isocyanide,23.17
UK,"2,3,5,6-Tetrafluoro-4-Methoxy-Benzamide",50.19
UK,Desulfo-Coenzyme A,23.17
UK,"{4-[2-Acetylamino-2-(3-Carbamoyl-2-Cyclohexylmethoxy-6,7,8,9-Tetrahydro-5h-Benzocyclohepten-5ylcarbamoyl)-Ethyl]-2-Phosphono-Phenyl}-Phosphonic Acid",190.48
UK,Tryptophanyl-5&#39;amp,28.31
UK,4-[Hydroxy-[Methyl-Phosphinoyl]]-3-Oxo-Butanoic Acid,66.92
UK,L-2-Amino-4-(Guanidinooxy)Butyric Acid,48.91
UK,"(9r,10r)-9-(S-Glutathionyl)-10-Hydroxy-9,10-Dihydrophenanthrene",81.08
UK,4r-Fluoro-N6-Ethanimidoyl-L-Lysine,43.76
UK,O-acetyl-L-serine,21.88
UK,"6,4&#39;-Dihydroxy-3-Methyl-3&#39;,5&#39;-Dibromoflavone",72.07
UK,"1,2-Propanediol",19.3
UK,2-Deoxy-D-Glucitol 6-(E)-Vinylhomophosphonate,57.91
UK,"4,6-Dideoxyglucose",23.17
UK,3&#39;-Phosphate-Adenosine-5&#39;-Diphosphate,57.91
UK,"3-Amino-8,9,10-Trihydroxy-7-Hydroxymethyl-6-Oxa-1,3-Diaza-Spiro[4.5]Decane-2,4-Dione",108.11
UK,Oxidized Coenzyme A,24.45
UK,N-Carbamyl-D-Valine,24.45
UK,Isocitrate Calcium Complex,33.46
UK,"3,4-Dihydrouracil",21.88
UK,"(2s,3s,8s,9s)-3-Amino-9-Methoxy-2,6,8-Trimethyl-10-Phenyldeca-4,6-Dienoic Acid",100.39
UK,Kaempherol,12.87
UK,Bacteriochlorophyll A,27.03
UK,5-Bromonicotinamide,24.45
UK,5-(Hydroxy-Methyl-Amino)-3-Methyl-Pyrrolidine-2-Carboxylic Acid,81.08
UK,Pimelic Acid,15.44
UK,Phosphoaspartate,20.59
UK,[1-(4-Fluorobenzyl)Cyclobutyl]Methyl (1s)-1-[Oxo(1h-Pyrazol-5-Ylamino)Acetyl]Pentylcarbamate,118.4
UK,4-Diphosphocytidyl-2-C-Methyl-D-Erythritol 2-Phosphate,69.5
UK,Cordycepin Triphosphate,29.6
UK,Uridine diphosphate glucose,34.75
UK,Isopropyl beta-D-thiogalactopyranoside,48.91
UK,"Inositol 1,3,4,5-Tetrakisphosphate",43.76
UK,5&#39;-Guanosine-Diphosphate-Monothiophosphate,59.2
UK,RU79256,9.01
UK,Glycyl-L-a-Aminopimelyl-E-(D-2-Aminoethyl)Phosphonate,68.21
UK,L-Rhamnose,12.87
UK,"1,4-Dithio-Alpha-D-Mannose",33.46
UK,[1-(1-Benzyl-3-Hydroxy-2-Oxo-Propylcarbamoyl)-2-Phenyl-Ethyl]-Carbamic Acid Benzyl Ester,113.26
UK,Acetylgalactosamine-4-Sulfate,37.32
UK,Epothilone D,15.44
UK,Tropinone,11.58
UK,"N-Hydroxy 1n(4-Methoxyphenyl)Sulfonyl-4-(Z,E-N-Methoxyimino)Pyrrolidine-2r-Carboxamide",110.68
UK,(S)-2-{Methyl-[2-(Naphthalene-2-Sulfonylamino)-5-(Naphthalene-2-Sulfonyloxy)-Benzoyl]-Amino}-Succinicacid,135.13
UK,"3,4-Dihydroxycinnamic Acid",33.46
UK,"2-Methylpentane-1,2,4-Triol",34.75
UK,"(2s)-2-Amino-4-(Methylsulfanyl)-1-Pyridin-2-Ylbutane-1,1-Diol",78.51
UK,N-(Sulfanylacetyl)Tyrosylprolylmethioninamide,57.91
UK,D-Galctopyranosyl-1-On,28.31
UK,Inhibitor BEA369,20.59
UK,"4-[5-(Trans-4-Aminocyclohexylamino)-3-Isopropylpyrazolo[1,5-a]Pyrimidin-7-Ylamino]-N,N-Dimethylbenzenesulfonamide",145.43
UK,"16,17-Androstene-3-Ol",27.03
UK,"N,N-bis(3-(D-gluconamido)propyl)deoxycholamide",59.2
UK,Tl-3-093,10.3
UK,Hyperforin,12.87
UK,N6-Benzyl Adenosine-5&#39;-Diphosphate,48.91
UK,N-acetyl-alpha-neuraminic acid,38.61
UK,Aspartyl-Adenosine-5&#39;-Monophosphate,50.19
UK,M-Aminophenylboronic Acid,32.18
UK,2-(2f-Benzothiazolyl)-5-Styryl-3-(4f-Phthalhydrazidyl)Tetrazolium Chloride,95.24
UK,"(2S,3S)-2-azanyl-3-methyl-pentanedioic acid",55.34
UK,Nd1-Phosphonohistidine,28.31
UK,Sucrosofate,14.16
UK,5-Bromo-2&#39;-Deoxyuridine-5&#39;-Monophosphate,61.78
UK,D-Xylitol,11.58
UK,2-(2-Hydroxy-5-Methoxy-Phenyl)-1h-Benzoimidazole-5-Carboxamidine,82.37
UK,"3-(5-Amino-7-Hydroxy-[1,2,3]Triazolo[4,5-D]Pyrimidin-2-Yl)-Benzoic Acid",91.38
UK,NADH,7.8
UK,RU85493,9.01
UK,Alpha-Cyclodextrin (Cyclohexa-Amylose),48.91
UK,Sinefungin,12.87
UK,N-Methylmesoporphyrin,27.03
UK,D-glucose,11.58
UK,S-Hydroxycysteine,21.88
UK,[Methyltelluro]Acetate,28.31
UK,Pentanal,10.3
UK,1-O-[O-Nitrophenyl]-Beta-D-Galactopyranose,54.05
UK,Xylose-Derived Lactam Oxime,34.75
UK,"Maltosyl-Alpha (1,4)-D-Gluconhydroximo-1,5-Lactam",63.06
UK,L-Xylulose 5-Phosphate,28.31
UK,Benzhydroxamic Acid,24.45
UK,"2&#39;-Chloro-Biphenyl-2,3-Diol",39.9
UK,Carboxymycobactin S,24.45
UK,Huperzine A,14.16
UK,"5-Chloryl-2,4,6-Quinazolinetriamine",45.05
UK,"2,4-Dihydroxy-3,3-Dimethyl-Butyrate",45.05
UK,"Dcka, 5,7-Dichlorokynurenic Acid",41.18
UK,7-Hydroxystaurosporine,28.31
UK,"N-Methyl-N-(10-Methylundecanoyl)-D-Seryl-L-Alanyl-N~1~-[(7s,10s,13s)-13-Carboxy-3,18-Dihydroxy-10-Methyl-8,11-Dioxo-9,12-Diazatricyclo[13.3.1.1~2,6~]Icosa-1(19),2(20),3,5,15,17-Hexaen-7-Yl]-N~1~-Methylglycinamide",272.84
UK,3-{[(1r)-1-Benzyl-2-Sulfanylethyl]Amino}-3-Oxopropanoic Acid,77.22
UK,Ribose,7.8
UK,Guanosine-2&#39;-Monophosphate,38.61
UK,L-Histidine Beta Naphthylamide,38.61
UK,5-Amidino-Benzimidazole,29.6
UK,Balanol Analog 2,20.59
UK,"6-[1-(3,5,5,8,8-Pentamethyl-5,6,7,8-Tetrahydronaphthalen-2-Yl)Cyclopropyl]Pyridine-3-Carboxylic Acid",128.7
UK,Formic Acid,14.16
UK,(S)-blebbistatin,20.59
UK,4-Carbamoyl-1-Beta-D-Ribofuranosyl-Imidazolium-5-Olate-5&#39;-Phosphate,91.38
UK,"3-[1-(3-Aminopropyl)-1h-Indol-3-Yl]-4-(1-Methyl-1h-Indol-3-Yl)-1h-Pyrrole-2,5-Dione",106.82
UK,RU78262,9.01
UK,"1-(2,6-Dichlorophenyl)-5-(2,4-Difluorophenyl)-7-Piperidin-4-Yl-3,4-Dihydroquinolin-2(1h)-One",118.4
UK,"2-Amino-N,3,3-Trimethylbutanamide",42.47
UK,"N-(4-Methoxybenzyl)-N&#39;-(5-Nitro-1,3-Thiazol-2-Yl)Urea",73.36
UK,Inhibitor of P38 Kinase,29.6
UK,Rolipram,10.3
UK,"1,4-Butanediol",18.02
UK,2-Aminoethanesulfonic Acid,33.46
UK,3-Chlorophenol,18.02
UK,"5-[4-Tert-Butylphenylsulfanyl]-2,4-Quinazolinediamine",68.21
UK,7n-Methyl-8-Hydroguanosine-5&#39;-Diphosphate,57.91
UK,Cytidine-3&#39;-Monophosphate,37.32
UK,Phosphonotyrosine,21.88
UK,AL5424,7.8
UK,"2&#39;-Deoxyuridine 5&#39;-Alpha,Beta-Imido-Triphosphate",72.07
UK,Di-Stearoyl-3-Sn-Phosphatidylethanolamine,52.77
UK,"N-{3-[(7ar,12as,12bs)-7-Oxo-1,3,4,6,7,7a,12a,12b-Octahydroindolo[2,3-a]Quinolizin-12(2h)-Yl]Propyl}Propane-2-Sulfonamide",154.44
UK,2-Thioethenamine,20.59
UK,Trifluoroacetonyl Coenzyme A,36.04
UK,"Hg9a-9, Nonanoyl-N-Hydroxyethylglucamide",51.48
UK,trans-urocanic acid,24.45
UK,Guanosine-5&#39;-Monophosphate,38.61
UK,O-Benzylsulfonyl-Serine,29.6
UK,"2-Amino-3-[5-(Amino-Carboxy-Methyl)-2,3-Dihydro-Isoxazol-3-Ylsulfanyl]-Propionic Acid",109.4
UK,AMPCPR,7.8
UK,6-(N-Phenylcarbamyl)-2-Naphthalenecarboxamidine,60.49
UK,"7,9-Dimethylguanine",24.45
UK,Methyl alpha-D-mannoside,30.89
UK,Para-Iodo-D-Phenylalanine Hydroxamic Acid,52.77
UK,"3,6-Anhydro-D-Galactose-2-Sulfate",42.47
UK,D-Mannuronic Acid,21.88
UK,2(S)-Amino-6-Boronohexanoic Acid,41.18
CANADA,Moclobemide,24.68
UK,4-[2-(3-Benzyloxycarbonylamino-4-Cyclohexyl-1-Hydroxy-2-Oxo-Butylamino)-5-Guanidino-Pentanoylamino]-4-(1-Carboxy-2-Cyclohexyl-Ethylcarbamoyl)-Butyric Acid,198.2
UK,N-Alpha-L-Acetyl-Arginine,32.18
UK,Thiamin Diphosphate,24.45
UK,Carbobenzoxy-Pro-Lys-Phe-Y(Po2)-Ala-Pro-Ome,55.34
UK,Cholesterol-Sulfate,24.45
UK,Tu-514,7.8
UK,Coenzyme A,12.87
UK,N-(5&#39;-Phosphopyridoxyl)-D-Alanine,47.62
UK,"2-(Pyrido[1,2-E]Purin-4-Yl)Amino-Ethanol",51.48
UK,5-Methylcytidine-5&#39;-Monophosphate,47.62
UK,"2-[3,4-Dihydroxy-2-Hydroxymethyl-5-(2-Hydroxy-Nonyl)-Tetrahydro-Furan-2-Yloxy]-6-Hydroxymethyl-Tetra Hydro-Pyran-3,4,5-Triol",159.59
UK,"5,10,15,20-Tetrakis(4-Sulpfonatophenyl)-21h,23h-Porphine",72.07
CANADA,Cyclacillin,24.68
CANADA,Salbutamol,22.44
CANADA,Levobupivacaine,33.66
CANADA,Cromoglicic acid,35.9
CANADA,Ganciclovir,24.68
CANADA,Hydroxyurea,24.68
CANADA,Ketoprofen,22.44
CANADA,Edrophonium,24.68
CANADA,Clobetasol propionate,47.12
CANADA,Balsalazide,24.68
CANADA,Sulfamethoxazole,35.9
CANADA,Glyburide,20.2
CANADA,Minocycline,24.68
CANADA,Guanfacine,22.44
CANADA,Bethanechol,24.68
CANADA,Isosorbide Mononitrate,49.37
CANADA,Trichlormethiazide,40.39
CANADA,Mycophenolic acid,38.15
CANADA,Amlexanox,20.2
CANADA,Irbesartan,22.44
CANADA,Topotecan,20.2
CANADA,Ethinamate,22.44
CANADA,Probenecid,22.44
CANADA,Mercaptopurine,31.42
CANADA,Cerulenin,20.2
CANADA,Procainamide,26.93
CANADA,Tolterodine,24.68
CANADA,Carphenazine,26.93
CANADA,Hydroxystilbamidine Isethionate,69.56
CANADA,Thalidomide,24.68
CANADA,Melphalan,20.2
CANADA,Gatifloxacin,26.93
CANADA,Lubiprostone,26.93
CANADA,Fluocinonide,26.93
CANADA,Abacavir,17.95
CANADA,Ibuprofen,20.2
CANADA,Novobiocin,22.44
CANADA,Benzylpenicillin,35.9
CANADA,Mimosine,17.95
CANADA,Tocainide,20.2
CANADA,Praziquantel,26.93
CANADA,Norfloxacin,24.68
CANADA,Amoxicillin,24.68
CANADA,Azlocillin,22.44
CANADA,Oxybutynin,22.44
CANADA,Acetophenazine,31.42
CANADA,Isoprenaline,26.93
CANADA,Melatonin,20.2
CANADA,Cefditoren,22.44
CANADA,Glipizide,20.2
CANADA,Clonazepam,22.44
CANADA,Dihydrotachysterol,40.39
CANADA,Atazanavir,22.44
CANADA,Fludarabine,24.68
CANADA,Atorvastatin,26.93
CANADA,Etidronic acid,31.42
CANADA,Deslanoside,24.68
CANADA,Tegaserod,20.2
CANADA,Vigabatrin,22.44
CANADA,Streptomycin,26.93
CANADA,Orlistat,17.95
CANADA,Primaquine,22.44
CANADA,Iloprost,17.95
CANADA,Deserpidine,24.68
CANADA,Ouabain,15.71
CANADA,Hesperetin,22.44
CANADA,Fluvastatin,24.68
CANADA,Oxamniquine,24.68
CANADA,Leflunomide,24.68
CANADA,Rosuvastatin,26.93
CANADA,Flucytosine,24.68
CANADA,Pimozide,17.95
CANADA,Capecitabine,26.93
CANADA,Arbutamine,22.44
CANADA,Levocabastine,29.17
CANADA,Methyprylon,24.68
CANADA,Trilostane,22.44
CANADA,Colistimethate,31.42
CANADA,Cefuroxime,22.44
CANADA,Atovaquone,22.44
CANADA,Diazoxide,20.2
CANADA,Gliclazide,22.44
CANADA,Phenacemide,24.68
CANADA,Ambenonium,22.44
CANADA,Tolbutamide,24.68
CANADA,Anisindione,24.68
CANADA,Dutasteride,24.68
CANADA,Bicalutamide,26.93
CANADA,Rabeprazole,24.68
CANADA,Prednicarbate,29.17
CANADA,Proguanil,20.2
CANADA,Pioglitazone,26.93
CANADA,Tiludronic acid,33.66
CANADA,Desoxycorticosterone Pivalate,65.08
CANADA,Doxacurium chloride,42.64
CANADA,Carvedilol,22.44
CANADA,Levofloxacin,26.93
CANADA,Sulfinpyrazone,31.42
CANADA,Cefapirin,20.2
CANADA,Cefadroxil,22.44
CANADA,Micafungin,22.44
CANADA,Amifostine,22.44
CANADA,Diclofenamide,29.17
CANADA,Sulfoxone,20.2
CANADA,Cloxacillin,24.68
CANADA,Cefprozil,20.2
CANADA,Candicidin,22.44
CANADA,Thiamylal,20.2
CANADA,Gemifloxacin,26.93
CANADA,Bupropion,20.2
CANADA,Trimetrexate,26.93
CANADA,Bretylium,20.2
CANADA,Terazosin,20.2
CANADA,Amdinocillin,26.93
CANADA,Ofloxacin,20.2
CANADA,Cilostazol,22.44
CANADA,Procarbazine,26.93
CANADA,Kanamycin,20.2
CANADA,Phenobarbital,29.17
CANADA,Idarubicin,22.44
CANADA,Chlormezanone,29.17
CANADA,Podofilox,20.2
CANADA,Rescinnamine,26.93
CANADA,Ifosfamide,22.44
CANADA,Propafenone,24.68
CANADA,Naloxone,17.95
CANADA,Domperidone,24.68
CANADA,Fluoxymesterone,33.66
CANADA,Pergolide,20.2
CANADA,Ciclopirox,22.44
CANADA,Desflurane,22.44
CANADA,Clindamycin,24.68
CANADA,Oxymorphone,24.68
CANADA,Acebutolol,22.44
CANADA,Brinzolamide,26.93
CANADA,Flecainide,22.44
CANADA,Estramustine,26.93
CANADA,Captopril,20.2
CANADA,Zopiclone,20.2
CANADA,Tubocurarine,26.93
CANADA,Bromocriptine,29.17
CANADA,Rifapentine,24.68
CANADA,Levetiracetam,29.17
CANADA,Nadolol,15.71
CANADA,Mitoxantrone,26.93
CANADA,Lomustine,20.2
CANADA,Ridogrel,17.95
CANADA,Sparfloxacin,26.93
CANADA,Dezocine,17.95
CANADA,Levobunolol,24.68
CANADA,Clarithromycin,31.42
CANADA,Ceftriaxone,24.68
CANADA,Fomepizole,22.44
CANADA,Metipranolol,26.93
CANADA,Estazolam,20.2
CANADA,Finasteride,24.68
CANADA,Halofantrine,26.93
CANADA,Dantrolene,22.44
CANADA,Rifaximin,20.2
CANADA,Ketamine,17.95
CANADA,Budesonide,22.44
CANADA,Quetiapine,22.44
CANADA,Mivacurium,22.44
CANADA,Encainide,20.2
CANADA,Paclitaxel,22.44
CANADA,Pemoline,17.95
CANADA,Diphenidol,22.44
CANADA,Saquinavir,22.44
CANADA,Metoclopramide,31.42
CANADA,Dexamethasone,29.17
CANADA,Levodopa,17.95
CANADA,Sevoflurane,24.68
CANADA,Aripiprazole,26.93
CANADA,Epoprostenol,26.93
CANADA,Gemfibrozil,24.68
CANADA,Chloroxine,22.44
CANADA,Isocarboxazid,29.17
CANADA,Docetaxel,20.2
CANADA,Iodixanol,20.2
CANADA,Olsalazine,22.44
CANADA,Gliquidone,22.44
CANADA,Mitiglinide,24.68
CANADA,Ergonovine,22.44
CANADA,Dasatinib,20.2
CANADA,Lisdexamfetamine,35.9
CANADA,Retapamulin,24.68
CANADA,Lapatinib,20.2
CANADA,Desonide,17.95
CANADA,Decitabine,22.44
CANADA,Posaconazole,26.93
CANADA,Darunavir,20.2
CANADA,Telbivudine,24.68
CANADA,Paliperidone,26.93
CANADA,Sunitinib,20.2
CANADA,Arformoterol,26.93
CANADA,Hydralazine,24.68
CANADA,Nelarabine,22.44
CANADA,Carbetocin,22.44
CANADA,Lumiracoxib,24.68
CANADA,Tetracosactide,31.42
CANADA,Fenoterol,20.2
CANADA,Glisoxepide,24.68
CANADA,Pirbuterol,22.44
CANADA,Bismuth Subsalicylate,47.12
CANADA,Bevantolol,22.44
CANADA,Glucosamine,24.68
CANADA,Practolol,20.2
CANADA,Sulfacytine,24.68
CANADA,Sulfadoxine,24.68
CANADA,Rolitetracycline,35.9
CANADA,Oxtriphylline,29.17
CANADA,Fosamprenavir,29.17
CANADA,Fosphenytoin,26.93
CANADA,Josamycin,20.2
CANADA,Kava,13.6
CANADA,Polythiazide,26.93
CANADA,Quinethazone,26.93
CANADA,Cefamandole,24.68
CANADA,Cefazolin,20.2
CANADA,Cefonicid,20.2
CANADA,Cefoperazone,26.93
CANADA,Cefotetan,20.2
CANADA,Cefoxitin,20.2
CANADA,Ceftizoxime,24.68
CANADA,Cefradine,20.2
CANADA,Metocurine,22.44
CANADA,Cilazapril,22.44
CANADA,Forasartan,22.44
CANADA,Saprisartan,24.68
CANADA,Spirapril,20.2
CANADA,Tasosartan,22.44
CANADA,Amobarbital,24.68
CANADA,Aprobarbital,26.93
CANADA,Butethal,17.95
CANADA,Heptabarbital,29.17
CANADA,Hexobarbital,26.93
CANADA,Mestranol,20.2
CANADA,Penbutolol,22.44
CANADA,Troleandomycin,31.42
CANADA,Iohexol,15.71
CANADA,Ephedrine,20.2
CANADA,Procaterol,22.44
CANADA,Quinupristin,26.93
CANADA,Aluminium monostearate,49.37
CANADA,Cortisone acetate,38.15
CANADA,Glycodiazine,26.93
CANADA,Paramethasone,29.17
CANADA,Mibefradil,22.44
CANADA,Sodium bicarbonate,40.39
CANADA,Yohimbine,20.2
CANADA,Bezafibrate,24.68
CANADA,Colchicine,22.44
CANADA,Digitoxin,20.2
CANADA,Magnesium salicylate,44.88
CANADA,Salicylic acid,31.42
CANADA,Salsalate,20.2
CANADA,Temafloxacin,26.93
CANADA,Danazol,15.71
CANADA,Clenbuterol,24.68
CANADA,Bambuterol,22.44
CANADA,Tiotropium,22.44
CANADA,Ciclesonide,24.68
CANADA,Pranlukast,22.44
CANADA,Theobromine,24.68
CANADA,Cefepime,17.95
CANADA,Cefacetrile,24.68
CANADA,Ceftibuten,22.44
CANADA,Cefpodoxime,24.68
CANADA,Acenocoumarol,29.17
CANADA,Antrafenine,24.68
CANADA,Testosterone Propionate,51.61
CANADA,Paromomycin,24.68
CANADA,Nitroxoline,24.68
CANADA,Stepronin,20.2
CANADA,Alizapride,22.44
CANADA,Ajmaline,17.95
CANADA,Amrinone,17.95
CANADA,Oxybenzone,22.44
CANADA,Almitrine,20.2
CANADA,19-norandrostenedione,47.12
CANADA,Alfacalcidol,26.93
CANADA,Glutethimide,26.93
CANADA,Phenazopyridine,33.66
CANADA,Gamma Hydroxybutyric Acid,56.1
CANADA,"5-Methoxy-N,N-diisopropyltryptamine",78.54
CANADA,Bufotenine,22.44
CANADA,Alpha-methyltryptamine,49.37
CANADA,Dihydroetorphine,35.9
CANADA,Beta-hydroxyfentanyl,44.88
CANADA,5-androstenedione,38.15
CANADA,Diethyltryptamine,38.15
CANADA,Ethylmorphine,29.17
CANADA,Acetorphine,24.68
CANADA,Bolasterone,24.68
CANADA,Haloxazolam,24.68
CANADA,Codeine methylbromide,47.12
CANADA,Cyprenorphine,29.17
CANADA,Delta1-dihydrotestosterone,58.34
CANADA,Barbital,17.95
CANADA,Cathine,15.71
CANADA,Embutramide,24.68
CANADA,Dimethyltryptamine,40.39
CANADA,Aminorex,17.95
CANADA,Dipipanone,22.44
CANADA,Barbituric acid derivative,58.34
CANADA,Etorphine,20.2
CANADA,Alphamethadol,29.17
CANADA,Oxabolone,20.2
CANADA,Difenoxin,20.2
CANADA,Etoxeridine,24.68
CANADA,"5-Alpha-Androstane-3-Beta,17beta-Diol",83.03
CANADA,Delorazepam,24.68
CANADA,Hydromorphinol,31.42
CANADA,Benzoylecgonine,33.66
CANADA,Clostebol,20.2
CANADA,Androstenediol,31.42
CANADA,Ecgonine,17.95
CANADA,4-Androstenediol,35.9
CANADA,"5alpha-androstane-3alpha,17beta-diol",80.78
CANADA,Desomorphine,26.93
CANADA,Chlorhexadol,26.93
CANADA,4-Androstenedione,38.15
CANADA,17alpha-methyl-4-hydroxynandrolone,76.3
CANADA,Boldenone,20.2
CANADA,Ethyl loflazepate,38.15
CANADA,Alpha-ethyltryptamine,47.12
CANADA,Drotebanol,22.44
CANADA,Diprenorphine,29.17
CANADA,Dihydrocodeine,31.42
CANADA,Cloxazolam,22.44
CANADA,Bromazepam,22.44
CANADA,Cathinone,20.2
CANADA,Androstanedione,33.66
CANADA,Chloral hydrate,33.66
CANADA,Calusterone,24.68
CANADA,Dihydromorphine,33.66
CANADA,Codeine-N-oxide,33.66
CANADA,Formebolone,24.68
CANADA,Ohmefentanyl,26.93
CANADA,Benzylmorphine,31.42
CANADA,Metrizamide,24.68
CANADA,Oxprenolol,22.44
CANADA,Sulfamerazine,29.17
CANADA,Sulfamethazine,31.42
CANADA,Ursodeoxycholic acid,44.88
CANADA,Ketazolam,20.2
CANADA,Quazepam,17.95
CANADA,Everolimus,22.44
CANADA,Cinolazepam,24.68
CANADA,Nitrazepam,22.44
CANADA,Cilastatin,22.44
CANADA,Imipenem,17.95
CANADA,Probucol,17.95
CANADA,Tiaprofenic acid,35.9
CANADA,Lopinavir,20.2
CANADA,Bacampicillin,29.17
CANADA,Meticillin,22.44
CANADA,Pivampicillin,29.17
CANADA,Pivmecillinam,29.17
CANADA,Tazobactam,22.44
CANADA,Ticarcillin,24.68
CANADA,Propericiazine,31.42
CANADA,Deferasirox,24.68
CANADA,Valganciclovir,31.42
CANADA,Hydroxychloroquine,40.39
CANADA,Acepromazine,26.93
CANADA,Aceprometazine,31.42
CANADA,Molindone,20.2
CANADA,Phenindamine,26.93
CANADA,Pipotiazine,24.68
CANADA,Zuclopenthixol,31.42
CANADA,Isopropamide,26.93
CANADA,Lincomycin,22.44
CANADA,Etoricoxib,22.44
CANADA,5-Fluorouridine,33.66
CANADA,SC-74020,17.95
CANADA,Alpha-Phosphoribosylpyrophosphoric Acid,87.52
CANADA,Deoxy-2-Fluoro-B-D-Cellotrioside,71.81
CANADA,2-Oxy-4-Hydroxy-5-(2-Hydrazinopyridine)Phenylalanine,116.69
CANADA,"2,2-Dimethylthiazolidine-4-Carboxylic Acid;(Dmt)Thiazolidine",134.64
CANADA,Clorocruoro Hem,33.66
CANADA,"3,7,11,15-Tetramethyl-Hexadecan-1-Ol",80.78
CANADA,Sorbitol,17.95
CANADA,N-Methyl-Pyridoxal-5&#39;-Phosphate,78.54
CANADA,"(5r)-6-(4-{[2-(3-Iodobenzyl)-3-Oxocyclohex-1-En-1-Yl]Amino}Phenyl)-5-Methyl-4,5-Dihydropyridazin-3(2h)-One",237.86
CANADA,"(5z)-2-[(1s,2r)-1-Amino-2-Hydroxypropyl]-5-[(4-Amino-1h-Indol-3-Yl)Methylene]-3-(2-Hydroxyethyl)-3,5-Dihydro-4h-Imidazol-4-One",282.74
CANADA,O1-Methyl-Glucose,38.15
CANADA,Thymidine-5&#39;-Phosphate,58.34
CANADA,"3,6-Dihydroxy-Xanthene-9-Propionic Acid",87.52
CANADA,Genistein,20.2
CANADA,N-Acetylmethionine,40.39
CANADA,(R)-Mesopram,26.93
CANADA,O1-Methyl-4-Deoxy-4-Thio-Beta-D-Glucose,87.52
CANADA,7-Methyl-Gpppa,31.42
CANADA,trans-2-hydroxycinnamic acid,62.83
CANADA,"Methyl 4,6-O-[(1r)-1-Carboxyethylidene]-Beta-D-Galactopyranoside",143.62
CANADA,4-Hydroxybenzoyl Coenzyme A,60.59
CANADA,(5z)-5-(1h-Indol-3-Ylmethylene)-4h-Imidazol-4-One,109.96
CANADA,Thiorphan,20.2
CANADA,L-Guluronic Acid 6-Phosphate,62.83
CANADA,Roflumilast,24.68
CANADA,"2-Amino-3-[4-Hydroxy-6-Oxo-3-(2-Phenyl-Cyclopropylimino)-Cyclohexa-1,4-Dienyl]-Propionic Acid",208.69
CANADA,1&#39;-Deazo-Thiamin Diphosphate,71.81
CANADA,"3-(1,10-Phenanthrol-2-Yl)-L-Alanine",78.54
CANADA,Adenosine-5&#39;-Diphosphate Monothiophosphate,103.22
CANADA,Phosphoribosyl Atp,40.39
CANADA,Trans-O-Hydroxy-Alpha-Methyl Cinnamate,85.27
CANADA,(S)-Des-Me-Ampa,33.66
CANADA,ZK-800270,20.2
CANADA,D-Myo-Inositol-Hexasulphate,60.59
CANADA,8-azaguanine,26.93
CANADA,Nanaomycin D,26.93
CANADA,Virginiamycin M1,35.9
CANADA,4-(Hydroxymercury)Benzoic Acid,67.32
CANADA,"2,3-Dihydroxy-Benzoic Acid",58.34
CANADA,Uridine-5&#39;-Diphosphate-N-Acetylmuramoyl-L-Alanine,118.93
CANADA,Methacrylyl-Coenzyme A,49.37
CANADA,Trinitrotoluene,33.66
CANADA,Fumarate,17.95
CANADA,RU84687,15.71
CANADA,Propyl Trihydrogen Diphosphate,67.32
CANADA,Benzene Hexacarboxylic Acid,60.59
CANADA,6&#39;-Methyl-Thiamin Diphosphate,74.05
CANADA,Chymostatin,24.68
CANADA,1-Hydroxy-1-Thio-Glycerol,56.1
CANADA,"4-[5-Pyridin-4-Yl-1h-[1,2,4]Triazol-3-Yl]-Pyridine-2-Carbonitrile",145.86
CANADA,"N,N-dimethylarginine",44.88
CANADA,beta-Mannobiose,33.66
CANADA,P-Cresol,17.95
CANADA,Inhibitor Idd 384,38.15
CANADA,Bis(Adenosine)-5&#39;-Triphosphate,76.3
CANADA,Indole Naphthyridinone,49.37
CANADA,Dithioerythritol,35.9
CANADA,Ribavirin,20.2
CANADA,D-tartaric acid,33.66
CANADA,N-Hydroxy-4-Phosphono-Butanamide,71.81
CANADA,Uric Acid,20.2
CANADA,beta-cellotriose,35.9
CANADA,Rutin,13.6
CANADA,(4e)-4-Aminohex-4-Enoic Acid,62.83
CANADA,Aicar,13.6
CANADA,"2-(3,4-Dihydroxyphenyl)Acetic Acid",76.3
CANADA,"2,4-Dihydroxy-Trans Cinnamic Acid",74.05
CANADA,"L-Alfa-Lysophosphatidylcholine, Lauroyl",87.52
CANADA,Prasterone,22.44
CANADA,2-Phosphoglyceric Acid,49.37
CANADA,"2,3,4,5,6-Pentafluorobenzyl Alcohol",78.54
CANADA,"(3r)-4-(P-Toluenesulfonyl)-1,4-Thiazane-3-Carboxylicacid-L-Phenylalanine Ethyl Ester",188.5
CANADA,Udp-Alpha-D-Xylopyranose,53.86
CANADA,N-Methyl-Lysine,33.66
CANADA,"7,8-Diamino-Nonanoic Acid",56.1
CANADA,2-Propenyl-N-Acetyl-Neuramic Acid,74.05
CANADA,Bis(Adenosine)-5&#39;-Pentaphosphate,80.78
CANADA,Thio-Maltopentaose,40.39
CANADA,(2z)-2-(Benzoylamino)-3-[4-(2-Bromophenoxy)Phenyl]-2-Propenoic Acid,150.35
CANADA,Analogue of Indinavir Drug,58.34
CANADA,"{3-[3-(3,4-Dimethoxy-Phenyl)-1-(1-{1-[2-(3,4,5-Trimethoxy-Phenyl)-Butyryl]-Piperidin-2yl}-Vinyloxy)-Propyl]-Phenoxy}-Acetic Acid",287.23
CANADA,Reduced Threonine,38.15
CANADA,2-Aminophenol,29.17
CANADA,Isocitric Acid,31.42
CANADA,"3-[Aminoethylphosphoryl]-[1,2-Di-Palmitoyl]-Sn-Glycerol",123.42
CANADA,"(1s,3s,4s)-1,3,4-Triphospho-Myo-Inositol",89.76
CANADA,Penciclovir,24.68
CANADA,(S)-Wiskostatin,33.66
CANADA,"(4r,5s,6s,7r)-1,3-Dibenzyl-4,7-Bis(Phenoxymethyl)-5,6-Dihydroxy-1,3 Diazepan-2-One",184.01
CANADA,L-Phospholactate,35.9
CANADA,3-(Oxalyl-Amino)-Naphthalene-2-Carboxylic Acid,103.22
CANADA,3-Chloroalaninate,38.15
CANADA,[3-(Dodecanoylamino)Propyl](Hydroxy)Dimethylammonium,116.69
CANADA,"Nalpha-(2-Naphthylsulfonylglycyl)-3-Amidino-D,L-Phenylalanine-Isopropylester",170.54
CANADA,O-Phosphoethanolamine,47.12
CANADA,Allo-Isoleucine,33.66
CANADA,2-Amino-4-Butyl-5-Propylselenazole,76.3
CANADA,CRA_17693,20.2
CANADA,Pyoverdine-Chromophore,49.37
CANADA,N-Alpha-(2-Naphthylsulfonyl)-N(3-Amidino-L-Phenylalaninyl)Isopipecolinic Acid Methyl Ester,201.96
CANADA,D-Leucine,20.2
CANADA,Coprogen,17.95
CANADA,N-Benzyl-4-Sulfamoyl-Benzamide,67.32
CANADA,Naphthalen-1-Yl-Acetic Acid,60.59
CANADA,"3,3&#39;,5,5&#39;-Tetraiodothyroacetic Acid",96.49
CANADA,S-Adenosyl-L-Homocysteine,56.1
CANADA,"3,4-Dihydroxy-1-Methylquinolin-2(1h)-One",89.76
CANADA,N-[Isoleucinyl]-N&#39;-[Adenosyl]-Diaminosufone,105.47
CANADA,D-4-Phosphoerythronic Acid,58.34
CANADA,3-Iodo-Tyrosine,33.66
CANADA,5-Hydroxy-2-(Hydroxymethyl)-4h-Pyran-4-One,94.25
CANADA,4-[5-[2-(1-Phenyl-Ethylamino)-Pyrimidin-4-Yl]-1-Methyl-4-(3-Trifluoromethylphenyl)-1h-Imidazol-2-Yl]-Piperidine,249.08
CANADA,Acetoacetic Acid,35.9
CANADA,7-thionicotinamide-adenine-dinucleotide phosphate,109.96
CANADA,Dalfopristin,26.93
CANADA,"(5-Oxo-5,6-Dihydro-Indolo[1,2-a]Quinazolin-7-Yl)-Acetic Acid",134.64
CANADA,Beta-(2-Naphthyl)-Alanine,56.1
CANADA,Hemi-Babim,22.44
CANADA,Methylumbelliferyl Sialic Acid,67.32
CANADA,3-Sulfinoalanine,35.9
CANADA,CRA_10991,20.2
CANADA,"3-[3-(2,3-Dihydroxy-Propylamino)-Phenyl]-4-(5-Fluoro-1-Methyl-1h-Indol-3-Yl)-Pyrrole-2,5-Dione",210.94
CANADA,4-[3-Carboxymethyl-3-(4-Phosphonooxy-Benzyl)-Ureido]-4-[(3-Cyclohexyl-Propyl)-Methyl-Carbamoyl]Butyric Acid,240.11
CANADA,Adenosine-5&#39;-Monophosphate Glucopyranosyl-Monophosphate Ester,145.86
CANADA,Dihydroxyacetone,35.9
CANADA,M-Cresol,17.95
CANADA,Coa-S-Trimethylene-Acetyl-Tryptamine,80.78
CANADA,Glycerol-2-Phosphate,44.88
CANADA,Fusicoccin,22.44
CANADA,"2,6-Dihydroanthra/1,9-Cd/Pyrazol-6-One",85.27
CANADA,Pantothenic acid,35.9
CANADA,4-Flourobenzenesulfonamide,58.34
CANADA,Dimethylallyl Diphosphate,56.1
CANADA,D-Alanine,20.2
CANADA,"1-Amino-2,3-Dihydroxy-5-Hydroxymethyl Cyclohex-5-Ene",116.69
CANADA,"Sp-Adenosine-3&#39;,5&#39;-Cyclic-Monophosphorothioate",121.18
CANADA,Piclamilast,24.68
CANADA,Adenylyl-3&#39;-5&#39;-Phospho-Uridine-3&#39;-Monophosphate,132.4
CANADA,I-5,13.6
CANADA,Phenyl Boronic Acid,42.64
CANADA,Quinolinic Acid,33.66
CANADA,"(2r)-2-(Aminomethyl)-2,4-Dihydroxy-5-Oxo-3-(2-Oxoethyl)-2,5-Dihydro-1h-Imidazol-3-Ium",190.74
CANADA,Ethyl Dihydrogen Diphosphate,62.83
CANADA,4-Hydroxy-3-Methyl Butyl Diphosphate,80.78
CANADA,"N,4-Dihydroxy-N-Oxo-3-(Sulfooxy)Benzenaminium",100.98
CANADA,2-(Trimethylammonium)Ethyl Thiol,71.81
CANADA,"2-Ammoniobut-3-Enoate, 2-Amino-3-Butenoate",94.25
CANADA,Monoisopropylphosphorylserine,65.08
CANADA,"10-{4-Dimethylamino-5-[4-Hydroxy-6-Methyl-5-(6-Methyl-5-Oxo-Tetrahydro-Pyran-2-Yloxy)-Tetrahydro-Pyrane-2-Yloxy]-6-Methyl-Tetrahydro-Pyran-2-Yloxy}-8-Ethyl-1,8,11-Trihydroxy-7,8,9,10-Tetrahydro-Naphthacene-5,12-Dione",484.7
CANADA,"N-[(3z)-5-Tert-Butyl-2-Phenyl-1,2-Dihydro-3h-Pyrazol-3-Ylidene]-N&#39;-(4-Chlorophenyl)Urea",204.2
CANADA,Thiarsahydroxy-Cysteine,51.61
CANADA,"1-Ter-Butyl-3-P-Tolyl-1h-Pyrazolo[3,4-D]Pyrimidin-4-Ylamine",132.4
CANADA,"[1-(1-Methyl-4,5-Dioxo-Pent-2-Enylcarbamoyl)-2-Phenyl-Ethyl]-Carbamic Acid Benzyl Ester",195.23
CANADA,Adenosine-3&#39;-5&#39;-Diphosphate,78.54
CANADA,Pyridoxyl-Glutamic Acid-5&#39;-Monophosphate,98.74
CANADA,2-Tridecanoyloxy-Pentadecanoic Acid,78.54
CANADA,Nz-(Dicarboxymethyl)Lysine,58.34
CANADA,Castanospermine,33.66
CANADA,Threonine-Aspartic Ester,53.86
CANADA,O3-Sulfonylgalactose,44.88
CANADA,Phosphoenolpyruvate,42.64
CANADA,"Compound 12, N-Acetyl-4-[(Carboxycarbonyl)(2-Carboxyphenyl)Amino]-N-Pentyl-1-Napthylalaniamide",210.94
CANADA,"L-N(Omega)-Nitroarginine-2,4-L-Diaminobutyric Amide",114.44
CANADA,Dithiane Diol,29.17
CANADA,Beta-D-Glucopyranose Spirohydantoin,78.54
CANADA,"(3s)-Tetrahydrofuran-3-Yl (1r,2s)-3-[4-((1r)-2-{[(S)-Amino(Hydroxy)Methyl]Oxy}-2,3-Dihydro-1h-Inden-1-Yl)-2-Benzyl-3-Oxopyrrolidin-2-Yl]-1-Benzyl-2-Hydroxypropylcarbamate",381.48
CANADA,2-Amino-8-Methylquinazolin-4(3h)-One,80.78
CANADA,N-Butyl Isocyanide,40.39
CANADA,"2,3,5,6-Tetrafluoro-4-Methoxy-Benzamide",87.52
CANADA,Desulfo-Coenzyme A,40.39
CANADA,"{4-[2-Acetylamino-2-(3-Carbamoyl-2-Cyclohexylmethoxy-6,7,8,9-Tetrahydro-5h-Benzocyclohepten-5ylcarbamoyl)-Ethyl]-2-Phosphono-Phenyl}-Phosphonic Acid",332.11
CANADA,Tryptophanyl-5&#39;amp,49.37
CANADA,4-[Hydroxy-[Methyl-Phosphinoyl]]-3-Oxo-Butanoic Acid,116.69
CANADA,L-2-Amino-4-(Guanidinooxy)Butyric Acid,85.27
CANADA,"(9r,10r)-9-(S-Glutathionyl)-10-Hydroxy-9,10-Dihydrophenanthrene",141.37
CANADA,4r-Fluoro-N6-Ethanimidoyl-L-Lysine,76.3
CANADA,O-acetyl-L-serine,38.15
CANADA,"6,4&#39;-Dihydroxy-3-Methyl-3&#39;,5&#39;-Dibromoflavone",125.66
CANADA,"1,2-Propanediol",33.66
CANADA,2-Deoxy-D-Glucitol 6-(E)-Vinylhomophosphonate,100.98
CANADA,"4,6-Dideoxyglucose",40.39
CANADA,3&#39;-Phosphate-Adenosine-5&#39;-Diphosphate,100.98
CANADA,"3-Amino-8,9,10-Trihydroxy-7-Hydroxymethyl-6-Oxa-1,3-Diaza-Spiro[4.5]Decane-2,4-Dione",188.5
CANADA,Oxidized Coenzyme A,42.64
CANADA,N-Carbamyl-D-Valine,42.64
CANADA,Isocitrate Calcium Complex,58.34
CANADA,"3,4-Dihydrouracil",38.15
CANADA,"(2s,3s,8s,9s)-3-Amino-9-Methoxy-2,6,8-Trimethyl-10-Phenyldeca-4,6-Dienoic Acid",175.03
CANADA,Kaempherol,22.44
CANADA,Bacteriochlorophyll A,47.12
CANADA,5-Bromonicotinamide,42.64
CANADA,5-(Hydroxy-Methyl-Amino)-3-Methyl-Pyrrolidine-2-Carboxylic Acid,141.37
CANADA,Pimelic Acid,26.93
CANADA,Phosphoaspartate,35.9
CANADA,[1-(4-Fluorobenzyl)Cyclobutyl]Methyl (1s)-1-[Oxo(1h-Pyrazol-5-Ylamino)Acetyl]Pentylcarbamate,206.45
CANADA,4-Diphosphocytidyl-2-C-Methyl-D-Erythritol 2-Phosphate,121.18
CANADA,Cordycepin Triphosphate,51.61
CANADA,Uridine diphosphate glucose,60.59
CANADA,Isopropyl beta-D-thiogalactopyranoside,85.27
CANADA,"Inositol 1,3,4,5-Tetrakisphosphate",76.3
CANADA,5&#39;-Guanosine-Diphosphate-Monothiophosphate,103.22
CANADA,RU79256,15.71
CANADA,Glycyl-L-a-Aminopimelyl-E-(D-2-Aminoethyl)Phosphonate,118.93
CANADA,L-Rhamnose,22.44
CANADA,"1,4-Dithio-Alpha-D-Mannose",58.34
CANADA,[1-(1-Benzyl-3-Hydroxy-2-Oxo-Propylcarbamoyl)-2-Phenyl-Ethyl]-Carbamic Acid Benzyl Ester,197.47
CANADA,Acetylgalactosamine-4-Sulfate,65.08
CANADA,Epothilone D,26.93
CANADA,Tropinone,20.2
CANADA,"N-Hydroxy 1n(4-Methoxyphenyl)Sulfonyl-4-(Z,E-N-Methoxyimino)Pyrrolidine-2r-Carboxamide",192.98
CANADA,(S)-2-{Methyl-[2-(Naphthalene-2-Sulfonylamino)-5-(Naphthalene-2-Sulfonyloxy)-Benzoyl]-Amino}-Succinicacid,235.62
CANADA,"3,4-Dihydroxycinnamic Acid",58.34
CANADA,"2-Methylpentane-1,2,4-Triol",60.59
CANADA,"(2s)-2-Amino-4-(Methylsulfanyl)-1-Pyridin-2-Ylbutane-1,1-Diol",136.88
CANADA,N-(Sulfanylacetyl)Tyrosylprolylmethioninamide,100.98
CANADA,D-Galctopyranosyl-1-On,49.37
CANADA,Inhibitor BEA369,35.9
CANADA,"4-[5-(Trans-4-Aminocyclohexylamino)-3-Isopropylpyrazolo[1,5-a]Pyrimidin-7-Ylamino]-N,N-Dimethylbenzenesulfonamide",253.57
CANADA,"16,17-Androstene-3-Ol",47.12
CANADA,"N,N-bis(3-(D-gluconamido)propyl)deoxycholamide",103.22
CANADA,Tl-3-093,17.95
CANADA,Hyperforin,22.44
CANADA,N6-Benzyl Adenosine-5&#39;-Diphosphate,85.27
CANADA,N-acetyl-alpha-neuraminic acid,67.32
CANADA,Aspartyl-Adenosine-5&#39;-Monophosphate,87.52
CANADA,M-Aminophenylboronic Acid,56.1
CANADA,2-(2f-Benzothiazolyl)-5-Styryl-3-(4f-Phthalhydrazidyl)Tetrazolium Chloride,166.06
CANADA,"(2S,3S)-2-azanyl-3-methyl-pentanedioic acid",96.49
CANADA,Nd1-Phosphonohistidine,49.37
CANADA,Sucrosofate,24.68
CANADA,5-Bromo-2&#39;-Deoxyuridine-5&#39;-Monophosphate,107.71
CANADA,D-Xylitol,20.2
CANADA,2-(2-Hydroxy-5-Methoxy-Phenyl)-1h-Benzoimidazole-5-Carboxamidine,143.62
CANADA,"3-(5-Amino-7-Hydroxy-[1,2,3]Triazolo[4,5-D]Pyrimidin-2-Yl)-Benzoic Acid",159.32
CANADA,NADH,13.6
CANADA,RU85493,15.71
CANADA,Alpha-Cyclodextrin (Cyclohexa-Amylose),85.27
CANADA,Sinefungin,22.44
CANADA,N-Methylmesoporphyrin,47.12
CANADA,D-glucose,20.2
CANADA,S-Hydroxycysteine,38.15
CANADA,[Methyltelluro]Acetate,49.37
CANADA,Pentanal,17.95
CANADA,1-O-[O-Nitrophenyl]-Beta-D-Galactopyranose,94.25
CANADA,Xylose-Derived Lactam Oxime,60.59
CANADA,"Maltosyl-Alpha (1,4)-D-Gluconhydroximo-1,5-Lactam",109.96
CANADA,L-Xylulose 5-Phosphate,49.37
CANADA,Benzhydroxamic Acid,42.64
CANADA,"2&#39;-Chloro-Biphenyl-2,3-Diol",69.56
CANADA,Carboxymycobactin S,42.64
CANADA,Huperzine A,24.68
CANADA,"5-Chloryl-2,4,6-Quinazolinetriamine",78.54
CANADA,"2,4-Dihydroxy-3,3-Dimethyl-Butyrate",78.54
CANADA,"Dcka, 5,7-Dichlorokynurenic Acid",71.81
CANADA,7-Hydroxystaurosporine,49.37
CANADA,"N-Methyl-N-(10-Methylundecanoyl)-D-Seryl-L-Alanyl-N~1~-[(7s,10s,13s)-13-Carboxy-3,18-Dihydroxy-10-Methyl-8,11-Dioxo-9,12-Diazatricyclo[13.3.1.1~2,6~]Icosa-1(19),2(20),3,5,15,17-Hexaen-7-Yl]-N~1~-Methylglycinamide",475.73
CANADA,3-{[(1r)-1-Benzyl-2-Sulfanylethyl]Amino}-3-Oxopropanoic Acid,134.64
CANADA,Ribose,13.6
CANADA,Guanosine-2&#39;-Monophosphate,67.32
CANADA,L-Histidine Beta Naphthylamide,67.32
CANADA,5-Amidino-Benzimidazole,51.61
CANADA,Balanol Analog 2,35.9
CANADA,"6-[1-(3,5,5,8,8-Pentamethyl-5,6,7,8-Tetrahydronaphthalen-2-Yl)Cyclopropyl]Pyridine-3-Carboxylic Acid",224.4
CANADA,Formic Acid,24.68
CANADA,(S)-blebbistatin,35.9
CANADA,4-Carbamoyl-1-Beta-D-Ribofuranosyl-Imidazolium-5-Olate-5&#39;-Phosphate,159.32
CANADA,"3-[1-(3-Aminopropyl)-1h-Indol-3-Yl]-4-(1-Methyl-1h-Indol-3-Yl)-1h-Pyrrole-2,5-Dione",186.25
CANADA,RU78262,15.71
CANADA,"1-(2,6-Dichlorophenyl)-5-(2,4-Difluorophenyl)-7-Piperidin-4-Yl-3,4-Dihydroquinolin-2(1h)-One",206.45
CANADA,"2-Amino-N,3,3-Trimethylbutanamide",74.05
CANADA,"N-(4-Methoxybenzyl)-N&#39;-(5-Nitro-1,3-Thiazol-2-Yl)Urea",127.91
CANADA,Inhibitor of P38 Kinase,51.61
CANADA,Rolipram,17.95
CANADA,"1,4-Butanediol",31.42
CANADA,2-Aminoethanesulfonic Acid,58.34
CANADA,3-Chlorophenol,31.42
CANADA,"5-[4-Tert-Butylphenylsulfanyl]-2,4-Quinazolinediamine",118.93
CANADA,7n-Methyl-8-Hydroguanosine-5&#39;-Diphosphate,100.98
CANADA,Cytidine-3&#39;-Monophosphate,65.08
CANADA,Phosphonotyrosine,38.15
CANADA,AL5424,13.6
CANADA,"2&#39;-Deoxyuridine 5&#39;-Alpha,Beta-Imido-Triphosphate",125.66
CANADA,Di-Stearoyl-3-Sn-Phosphatidylethanolamine,92.0
CANADA,"N-{3-[(7ar,12as,12bs)-7-Oxo-1,3,4,6,7,7a,12a,12b-Octahydroindolo[2,3-a]Quinolizin-12(2h)-Yl]Propyl}Propane-2-Sulfonamide",269.28
CANADA,2-Thioethenamine,35.9
CANADA,Trifluoroacetonyl Coenzyme A,62.83
CANADA,"Hg9a-9, Nonanoyl-N-Hydroxyethylglucamide",89.76
CANADA,trans-urocanic acid,42.64
CANADA,Guanosine-5&#39;-Monophosphate,67.32
CANADA,O-Benzylsulfonyl-Serine,51.61
CANADA,"2-Amino-3-[5-(Amino-Carboxy-Methyl)-2,3-Dihydro-Isoxazol-3-Ylsulfanyl]-Propionic Acid",190.74
CANADA,AMPCPR,13.6
CANADA,6-(N-Phenylcarbamyl)-2-Naphthalenecarboxamidine,105.47
CANADA,"7,9-Dimethylguanine",42.64
CANADA,Methyl alpha-D-mannoside,53.86
CANADA,Para-Iodo-D-Phenylalanine Hydroxamic Acid,92.0
CANADA,"3,6-Anhydro-D-Galactose-2-Sulfate",74.05
CANADA,D-Mannuronic Acid,38.15
CANADA,2(S)-Amino-6-Boronohexanoic Acid,71.81
CANADA,4-[2-(3-Benzyloxycarbonylamino-4-Cyclohexyl-1-Hydroxy-2-Oxo-Butylamino)-5-Guanidino-Pentanoylamino]-4-(1-Carboxy-2-Cyclohexyl-Ethylcarbamoyl)-Butyric Acid,345.58
CANADA,N-Alpha-L-Acetyl-Arginine,56.1
CANADA,Thiamin Diphosphate,42.64
CANADA,Carbobenzoxy-Pro-Lys-Phe-Y(Po2)-Ala-Pro-Ome,96.49
CANADA,Cholesterol-Sulfate,42.64
CANADA,Tu-514,13.6
CANADA,Coenzyme A,22.44
CANADA,N-(5&#39;-Phosphopyridoxyl)-D-Alanine,83.03
CANADA,"2-(Pyrido[1,2-E]Purin-4-Yl)Amino-Ethanol",89.76
CANADA,5-Methylcytidine-5&#39;-Monophosphate,83.03
CANADA,"2-[3,4-Dihydroxy-2-Hydroxymethyl-5-(2-Hydroxy-Nonyl)-Tetrahydro-Furan-2-Yloxy]-6-Hydroxymethyl-Tetra Hydro-Pyran-3,4,5-Triol",278.26
CANADA,"5,10,15,20-Tetrakis(4-Sulpfonatophenyl)-21h,23h-Porphine",125.66
US,Paracetamol,4.50
US,Acetaminophen,4.50
US,Metformin,3.20
US,Lisinopril,4.80
US,Sertraline,7.50
US,Levothyroxine,6.90
US,Simvastatin,5.10
US,Losartan,6.20
US,Metoprolol,5.80
US,Tramadol,8.40
US,Gabapentin,12.30
US,Omeprazole,4.20
US,Pantoprazole,5.60
US,Fluoxetine,6.10
US,Prednisone,3.90
US,Amlodipine,4.50
US,Albuterol,18.50
US,Ibuprofen,3.80
US,Amoxicillin,9.20
US,Amoxicillin/Clavulanate,19.50
UK,Paracetamol,3.51
UK,Acetaminophen,3.51
UK,Metformin,2.50
UK,Lisinopril,3.74
UK,Sertraline,5.85
UK,Levothyroxine,5.38
UK,Simvastatin,3.98
UK,Losartan,4.84
UK,Metoprolol,4.52
UK,Tramadol,6.55
UK,Gabapentin,9.59
UK,Omeprazole,3.28
UK,Pantoprazole,4.37
UK,Fluoxetine,4.76
UK,Prednisone,3.04
UK,Amlodipine,3.51
UK,Albuterol,14.43
UK,Ibuprofen,2.96
UK,Amoxicillin,7.18
UK,Amoxicillin/Clavulanate,15.21
CANADA,Paracetamol,6.12
CANADA,Acetaminophen,6.12
CANADA,Metformin,4.35
CANADA,Lisinopril,6.53
CANADA,Sertraline,10.20
CANADA,Levothyroxine,9.38
CANADA,Simvastatin,6.94
CANADA,Losartan,8.43
CANADA,Metoprolol,7.89
CANADA,Tramadol,11.42
CANADA,Gabapentin,16.73
CANADA,Omeprazole,5.71
CANADA,Pantoprazole,7.62
CANADA,Fluoxetine,8.30
CANADA,Prednisone,5.30
CANADA,Amlodipine,6.12
CANADA,Albuterol,25.16
CANADA,Ibuprofen,5.17
CANADA,Amoxicillin,12.51
CANADA,Amoxicillin/Clavulanate,26.52
